Name,Selling Price,Seller,Owner Type,Mileage,Age of Bike
Royal Enfield Classic 350,175000,Individual,First Owner,350,1
Honda Dio,45000,Individual,First Owner,5650,3
Royal Enfield Classic Gunmetal Grey,150000,Individual,First Owner,12000,2
Yamaha Fazer FI V 2.0 [2016-2018],65000,Individual,First Owner,23000,5
Yamaha SZ [2013-2014],20000,Individual,Used,21000,9
Honda CB Twister,18000,Individual,First Owner,60000,10
Honda CB Hornet 160R,78500,Individual,First Owner,17000,2
Royal Enfield Bullet 350 [2007-2011],180000,Individual,Used,39000,12
Hero Honda CBZ extreme,30000,Individual,First Owner,32000,10
Bajaj Discover 125,50000,Individual,First Owner,42000,4
Yamaha FZ16,35000,Individual,First Owner,32000,5
Honda Navi,28000,Individual,Used,10000,4
Bajaj Avenger Street 220,80000,Individual,First Owner,21178,2
Yamaha YZF R3,365000,Individual,First Owner,1127,1
Jawa 42,185000,Individual,First Owner,1700,0
Suzuki Access 125 [2007-2016],25000,Individual,First Owner,55000,8
Hero Honda Glamour,25000,Individual,First Owner,27000,14
Yamaha YZF R15 S,40000,Individual,Used,45000,10
Royal Enfield Classic Gunmetal Grey,150000,Individual,First Owner,23000,2
Yamaha FZ25,120000,Individual,First Owner,39000,2
Hero Passion Pro 110,15000,Individual,First Owner,60000,12
Honda Navi [2016-2017],26000,Individual,First Owner,17450,4
Honda Activa i,32000,Individual,Used,20696,7
Jawa Standard,180000,Individual,First Owner,2000,1
Royal Enfield Thunderbird 350,110000,Individual,First Owner,20000,4
Honda Dream Yuga,25000,Individual,First Owner,35000,8
TVS Apache RTR 160 4V,80000,Individual,First Owner,15210,2
Honda Navi [2016-2017],42000,Individual,First Owner,24000,3
Yamaha Fazer [2009-2016],40000,Individual,Used,35000,7
Hero Honda Splendor NXG,21000,Individual,First Owner,10000,11
Hero Glamour 125,55000,Individual,First Owner,2500,3
Yamaha FZ S [2012-2016],38000,Individual,First Owner,75000,7
Hero Xtreme Sports,43000,Individual,Used,50000,4
Honda X-Blade,65000,Individual,First Owner,27000,2
Honda CB Shine SP,62000,Individual,First Owner,10000,1
Honda Activa 5G,60000,Individual,First Owner,6502,2
Hero Glamour 125,45000,Individual,First Owner,21000,2
Honda CBR-250R,120000,Individual,First Owner,16000,4
Hero Honda Passion PRO [2012],30000,Individual,First Owner,42000,9
Royal Enfield Thunderbird 350,90000,Individual,Used,13000,5
Bajaj Dominar 400,125000,Individual,First Owner,12800,3
Hero Glamour FI,50000,Individual,First Owner,20000,2
KTM 390 Duke,175000,Individual,First Owner,4600,3
Hero Passion XPro,28000,Individual,First Owner,81000,8
Yamaha FZ S V 2.0,85000,Individual,First Owner,8000,2
Hero Achiever 150,29900,Individual,First Owner,55000,4
Bajaj Discover 125,25000,Individual,First Owner,57000,9
Yamaha FZ16,30000,Individual,Used,26000,11
Yamaha Saluto,60000,Individual,First Owner,13000,2
Yamaha FZ16,35000,Individual,Used,29000,8
Bajaj Discover 100,25000,Individual,First Owner,43000,10
Honda CB Trigger,30000,Individual,First Owner,40000,5
Royal Enfield Electra 5 S,90000,Individual,Used,40000,10
Hero Splendor PRO,35000,Individual,Used,24000,5
Honda Activa 5G,70000,Individual,First Owner,3000,1
Hero Honda Passion Plus,25000,Individual,First Owner,75000,14
Bajaj Pulsar 150,25000,Individual,First Owner,42000,10
Royal Enfield Bullet 350,90000,Individual,First Owner,13000,6
Bajaj Discover 125,25000,Individual,First Owner,55000,7
Bajaj Pulsar 150 [2001-2011],42000,Individual,First Owner,23000,9
Hero Splendor PRO,35000,Individual,Used,24000,5
Hero Xtreme Sports,50000,Individual,First Owner,80000,6
Honda Activa 3G,30000,Individual,First Owner,39000,5
Yamaha FZ16,48000,Individual,First Owner,20000,4
Honda CB Hornet 160R,65000,Individual,First Owner,30000,4
Royal Enfield Thunderbird 350,85000,Individual,First Owner,21000,7
Hero Hunk,45000,Individual,First Owner,41000,6
Suzuki Let''s,34000,Individual,First Owner,8000,6
Royal Enfield Electra 4 S,90000,Individual,First Owner,50000,12
TVS Scooty Pep Plus,35000,Individual,First Owner,8150,8
Mahindra Mojo XT300,165000,Individual,First Owner,1933,3
TVS Apache RTR 160,35000,Individual,First Owner,55750,7
Bajaj Pulsar AS200,65000,Individual,First Owner,15856,5
Bajaj Pulsar 150,29500,Individual,First Owner,27000,7
Royal Enfield Thunderbird 350X,165000,Individual,First Owner,3700,1
Suzuki Intruder 150,95000,Individual,First Owner,21938,2
Hero Honda Karizma ZMR [2010],50000,Individual,First Owner,48000,10
Honda Dio,7500,Individual,Used,16000,11
Bajaj Xcd,25000,Individual,First Owner,54000,12
Hero Splendor Plus,35000,Individual,Used,35000,6
Royal Enfield Thunderbird 350X,160000,Individual,First Owner,15000,2
Honda CB Unicorn 150,50000,Individual,First Owner,32000,6
Honda Activa 5G,62000,Individual,First Owner,3500,1
Honda CB Twister,30000,Individual,First Owner,9000,7
Hero Splendor PRO,28000,Individual,First Owner,38000,5
Hero Honda CD Deluxe,25000,Individual,First Owner,50000,11
Honda Activa i [2016-2017],30000,Individual,Used,20000,5
Royal Enfield Classic Gunmetal Grey,140000,Individual,First Owner,22000,2
TVS Scooty Zest 110,30000,Individual,First Owner,9432,3
Hero CD Deluxe,25000,Individual,First Owner,70000,6
Suzuki Access 125 [2007-2016],22000,Individual,Used,43000,10
Honda Activa [2000-2015],22989,Individual,First Owner,500000,8
Honda Activa 125 [2016-2017],42000,Individual,First Owner,30514,4
Suzuki GS150R,30000,Individual,First Owner,130000,10
Bajaj Pulsar 220S,55000,Individual,First Owner,45000,5
Honda Activa 4G,45000,Individual,First Owner,25000,2
Yamaha FZ25,150000,Individual,First Owner,2500,1
Bajaj Pulsar 150,42000,Individual,First Owner,22770,5
Hero Splendor Plus,30000,Individual,First Owner,30000,5
Bajaj Discover 100,24999,Individual,Used,35000,8
Royal Enfield Thunderbird 350X,160000,Individual,First Owner,6330,1
Royal Enfield Classic 350,175000,Individual,First Owner,500,0
Bajaj Pulsar 150,40000,Individual,First Owner,43400,7
Bajaj Pulsar NS160,85000,Individual,First Owner,7004,2
Royal Enfield Classic Desert Storm,150000,Individual,First Owner,16500,3
Suzuki Gixxer SF,80000,Individual,First Owner,12500,2
TVS Apache RTR 200 4V,95000,Individual,First Owner,9600,2
Bajaj V15,42000,Individual,First Owner,35000,4
TVS XL 100 Heavy Duty,40000,Individual,First Owner,11000,1
Yamaha FZ S V 2.0,50000,Individual,First Owner,20000,5
Hero HF Deluxe,40000,Individual,First Owner,13000,2
Aprilia SR 125,75000,Individual,First Owner,3500,1
Yamaha FZ25,120000,Individual,First Owner,9000,3
Hero Honda Glamour,30000,Individual,First Owner,7500,12
Bajaj Discover 125 ST,17500,Individual,First Owner,38000,7
Hero Honda Passion Plus,7500,Individual,First Owner,120000,16
Honda Aviator,57000,Individual,First Owner,6465,2
Vespa SXL 149,80000,Individual,First Owner,18803,2
TVS Scooty Pep Plus,18000,Individual,First Owner,20000,10
Hero Xtreme [2013-2014],25000,Individual,First Owner,24000,7
Royal Enfield Thunderbird 350,83900,Individual,Used,22000,6
UM Renegade Commando,160000,Individual,First Owner,7000,2
Royal Enfield Classic Gunmetal Grey,135000,Individual,First Owner,6100,2
Honda CB Hornet 160R,55000,Individual,First Owner,14000,3
Honda Shine,50000,Individual,First Owner,23000,3
Bajaj Discover 100,20000,Individual,First Owner,85000,8
Hero Honda CBZ extreme,25000,Individual,First Owner,40000,10
Royal Enfield Classic 350,125000,Individual,First Owner,18000,3
Honda Activa 5G,55000,Individual,First Owner,10000,1
Bajaj Avenger Street 150 [2018],50000,Individual,First Owner,40000,4
Royal Enfield Continental GT 650,299000,Individual,First Owner,1500,1
Honda Activa 3G,60000,Individual,First Owner,30000,5
Honda Activa 3G,40000,Individual,First Owner,3000,5
Bajaj Pulsar 180,15000,Individual,First Owner,55000,12
Harley-Davidson Street Bob,750000,Individual,Used,12000,7
Hero Honda CBZ extreme,20000,Individual,First Owner,90000,13
Royal Enfield Classic Gunmetal Grey,190000,Individual,First Owner,500,0
KTM 390 Duke ABS [2013-2016],130000,Individual,First Owner,50000,5
Honda CB Hornet 160R,54786,Individual,First Owner,25000,4
KTM 200 Duke,72000,Individual,First Owner,36500,7
Hero Karizma 2014,35000,Individual,First Owner,26000,7
Hero Glamour 125,45000,Individual,First Owner,18000,3
Royal Enfield Classic 350,85000,Individual,First Owner,49000,7
Royal Enfield Classic 500,100000,Individual,First Owner,18000,7
Bajaj Dominar 400,138000,Individual,First Owner,15000,3
Royal Enfield Thunderbird 350X,150000,Individual,First Owner,8500,2
KTM RC 390,180000,Individual,First Owner,3775,3
Royal Enfield Thunderbird 350,100000,Individual,First Owner,14500,5
Hero Hunk,20000,Individual,First Owner,35000,10
KTM 390 Duke,170000,Individual,First Owner,14000,3
Suzuki Gixxer [2014-2018],60000,Individual,First Owner,16000,4
Royal Enfield Bullet 350,123000,Individual,First Owner,7000,4
Suzuki Access 125,60000,Individual,First Owner,4000,3
TVS Apache RTR 200 4V,100000,Individual,First Owner,45000,3
Hero Xtreme Sports,22000,Individual,First Owner,99000,6
Honda Activa [2000-2015],30000,Individual,First Owner,52000,6
Bajaj Discover 125,28000,Individual,First Owner,45000,7
Bajaj Pulsar 150,50000,Individual,First Owner,52000,13
Yamaha Saluto RX,40000,Individual,First Owner,27000,3
Hero HF Deluxe,43000,Individual,First Owner,60000,2
Suzuki Access 125,40000,Individual,First Owner,2300,5
Royal Enfield Classic Desert Storm,100000,Individual,First Owner,15000,8
Hero HF Deluxe,30000,Individual,First Owner,50000,4
KTM RC 200,130000,Individual,First Owner,27000,3
Honda CB Hornet 160R,48000,Individual,Used,25000,4
Bajaj CT 100,32000,Individual,First Owner,40000,3
Hero Honda Pleasure,23000,Individual,First Owner,32000,10
Bajaj Pulsar 135 LS,20000,Individual,Used,50000,10
Royal Enfield Classic 350,125000,Individual,First Owner,36000,3
Honda Navi [2016-2017],23000,Individual,First Owner,17450,4
Bajaj Discover 125,15000,Individual,First Owner,32000,9
Yamaha SZ RR V 2.0,35000,Individual,First Owner,38000,5
Bajaj Discover 150,25000,Individual,Used,71000,6
Bajaj Pulsar 150,80000,Individual,First Owner,8000,1
TVS Flame,15000,Individual,First Owner,12000,10
Vespa VX 125,45000,Individual,Used,50000,7
Yamaha SZ X,25000,Individual,Used,30000,8
Honda CBF Stunner,35000,Individual,First Owner,15888,7
Bajaj Discover 100 T,25000,Individual,First Owner,26000,7
Royal Enfield Classic 350,170000,Individual,First Owner,5600,2
Honda Activa [2000-2015],25000,Individual,First Owner,41000,6
Royal Enfield Electra 5 S,60000,Individual,Used,19612,13
Bajaj Pulsar 150,41000,Individual,First Owner,17000,8
Honda Shine,35000,Individual,First Owner,33700,8
Honda CB Unicorn 160,75000,Individual,First Owner,100000,5
Honda Activa 3G,47999,Individual,First Owner,6000,4
Honda Shine,36999,Individual,First Owner,21000,9
Bajaj Pulsar 180,25000,Individual,First Owner,80000,13
Suzuki Gixxer SF,60000,Individual,First Owner,15000,4
Honda CB Unicorn 150,50000,Individual,First Owner,46000,13
Yamaha YZF R15 [2011-2018],65000,Individual,First Owner,11000,7
TVS Sport,12000,Individual,First Owner,72000,13
Bajaj Pulsar AS200,60000,Individual,First Owner,50000,5
Honda Activa [2000-2015],20000,Individual,First Owner,50000,10
Yamaha FZ16,27000,Individual,First Owner,67000,9
Bajaj Boxer,10000,Individual,First Owner,30000,20
Hero Honda Hunk,56000,Individual,First Owner,48000,5
Hero Honda Hunk,58000,Individual,First Owner,48000,5
Bajaj Avenger Cruise 220,87000,Individual,First Owner,8000,2
Yamaha Ray Z,35000,Individual,First Owner,15500,5
Bajaj Pulsar 180,35000,Individual,First Owner,45000,8
Bajaj Discover 150F,40000,Individual,Used,60855,6
Bajaj Pulsar 135 LS,56000,Individual,Used,37714,3
Bajaj Pulsar 180,30000,Individual,Used,60000,12
Honda Activa 125 [2016-2017],40000,Individual,First Owner,26000,3
Hero HF Deluxe,60000,Individual,First Owner,6000,1
Hero Karizma 2014,40000,Individual,First Owner,30000,7
Bajaj Platina 100,40000,Individual,First Owner,17000,2
Royal Enfield Bullet 500,130000,Individual,First Owner,34601,5
Bajaj Pulsar AS200,45000,Individual,First Owner,48000,5
Yamaha FZ S [2012-2016],42000,Individual,First Owner,60000,7
Bajaj Pulsar 220 Fi,25000,Individual,First Owner,44000,8
Bajaj Pulsar 150,15000,Individual,First Owner,55000,14
Bajaj Dominar 400 [2018],170000,Individual,First Owner,16000,2
Hero Passion X Pro [2016-2017],38000,Individual,Used,20000,4
Yamaha FZ S V 2.0,60000,Individual,Used,17500,5
TVS Apache RTR 160,65000,Individual,First Owner,46000,3
Bajaj Avenger [2015],35000,Individual,First Owner,30000,9
Bajaj Pulsar 150,70000,Individual,First Owner,6500,1
Hero Honda Glamour,15000,Individual,First Owner,80000,14
Hero Splendor iSmart,50000,Individual,Used,10000,3
Royal Enfield Classic 350,145000,Individual,First Owner,2200,3
Yamaha FZ16,25000,Individual,First Owner,40000,12
Hero Xtreme Sports,58000,Individual,First Owner,21000,4
Royal Enfield Bullet 350 [2007-2011],90000,Individual,First Owner,3500,13
Hero Honda Passion,9000,Individual,Used,66191,18
Bajaj Discover 150S,40000,Individual,First Owner,50000,6
TVS Scooty Zest 110,28000,Individual,First Owner,32800,5
Bajaj Avenger Street 150 [2018],50000,Individual,First Owner,32000,4
Yamaha Cygnus Ray ZR,56000,Individual,First Owner,3900,1
Honda Activa [2000-2015],35000,Individual,First Owner,10000,6
TVS Apache RTR 200 4V,95000,Individual,First Owner,9600,2
Honda Shine,30000,Individual,First Owner,46782,10
Honda CB Hornet 160R,95000,Individual,First Owner,8000,1
Honda Activa i [2016-2017],40000,Individual,First Owner,11000,3
Hero Karizma 2014,30000,Individual,Used,51000,6
Bajaj Discover 100 T,18000,Individual,First Owner,45000,7
Honda Aviator,14000,Individual,First Owner,66000,12
Hero Splendor Plus,17000,Individual,Used,50000,10
Royal Enfield Thunderbird 350,125000,Individual,First Owner,23500,3
Bajaj CT 110,20000,Individual,First Owner,25000,5
Hero Passion PRO i3s,50000,Individual,First Owner,41000,3
KTM RC 390,210000,Individual,First Owner,12000,3
Bajaj Pulsar 220F,70000,Individual,First Owner,33000,2
Hero Maestro Edge,40000,Individual,First Owner,15000,3
Bajaj Xcd,10000,Individual,First Owner,50000,12
Bajaj Pulsar 150,35000,Individual,First Owner,40000,10
TVS Centra,10000,Individual,First Owner,50000,15
Honda Activa 3G,42000,Individual,First Owner,20000,5
Yamaha FZ16,20000,Individual,First Owner,50000,11
Hero Maestro Edge,25000,Individual,First Owner,55000,3
Bajaj Discover 125,25000,Individual,First Owner,70350,4
Royal Enfield Thunderbird 350X,145000,Individual,First Owner,2700,1
Hero Super Splendor,50000,Individual,First Owner,20000,4
TVS Scooty Pep Plus,30000,Individual,First Owner,20000,9
Yamaha FZ V 2.0,60000,Individual,First Owner,41311,6
Hero Honda Splendor Plus,15000,Individual,First Owner,65000,15
Hero CD Deluxe,15000,Individual,Used,34000,6
Hero Honda Passion PRO [2012],25000,Individual,First Owner,20000,9
Hero HF Deluxe i3s,54000,Individual,First Owner,11000,1
Bajaj Xcd,25000,Individual,First Owner,75000,13
Royal Enfield Interceptor 650,260000,Individual,First Owner,1200,1
Honda CBR-250R,100000,Individual,First Owner,19000,6
Bajaj Kristal,15000,Individual,First Owner,30000,13
Hero Honda Splendor Plus,20000,Individual,First Owner,23000,14
Honda Dream Yuga,35000,Individual,First Owner,10000,6
Yamaha FZ S V 2.0,50000,Individual,First Owner,40000,4
Hero Xpulse 200,90000,Individual,First Owner,8600,1
Bajaj V15,40000,Individual,First Owner,45000,4
Bajaj Avenger Street 220,80000,Individual,First Owner,7200,4
Bajaj Discover 135,20000,Individual,First Owner,31195,10
Honda CB Unicorn 150,70000,Individual,First Owner,18000,3
Vespa SXL 149,98000,Individual,First Owner,1000,1
Royal Enfield Machismo,75000,Individual,Used,17000,12
Honda CB Shine SP,50000,Individual,First Owner,46000,4
Honda CB Unicorn 150,40000,Individual,First Owner,77592,6
Honda CB Unicorn 150,75000,Individual,First Owner,54000,7
Honda CB Unicorn 150,50000,Individual,First Owner,17000,7
Bajaj Pulsar 150,60000,Individual,First Owner,60000,6
TVS Apache RTR 160,50000,Individual,First Owner,40000,4
Honda Dio,35000,Individual,First Owner,25000,6
Royal Enfield Thunderbird 350,160000,Individual,First Owner,19000,2
Hero Maestro,25000,Individual,Used,40000,5
Hero Honda CBZ extreme,42000,Individual,First Owner,51000,10
Bajaj Dominar 400,200000,Individual,First Owner,7600,1
Honda Activa 125,40000,Individual,First Owner,14965,6
Royal Enfield Classic Desert Storm,130000,Individual,Used,25000,5
KTM 250 Duke,195000,Individual,First Owner,6000,1
KTM RC 390,270000,Individual,First Owner,2380,1
Kawasaki Ninja 650 [2018-2019],425000,Individual,Used,13600,3
TVS Apache RTR 200 4V,85000,Individual,First Owner,10000,2
Kawasaki Ninja 250R,125000,Individual,Used,21000,10
TVS Wego,45000,Individual,First Owner,10000,2
Honda CBR-250R,85000,Individual,Used,18600,6
Bajaj Pulsar NS200,85000,Individual,First Owner,7750,2
Suzuki GSX S750,760000,Individual,First Owner,2800,1
Royal Enfield Thunderbird 350,100000,Individual,First Owner,30000,5
Royal Enfield Classic 350,95000,Individual,First Owner,9800,5
Honda CB Shine SP,48000,Individual,First Owner,25000,5
Bajaj Avenger Street 150 [2018],40000,Individual,First Owner,29689,4
Honda CBF Stunner,37000,Individual,First Owner,43000,6
Bajaj Avenger [2015],38000,Individual,Used,28243,6
Suzuki Gixxer [2014-2018],55000,Individual,First Owner,25000,5
Suzuki Access 125,45000,Individual,First Owner,22300,3
TVS Scooty Streak,18000,Individual,Used,33595,11
Royal Enfield Thunderbird 350X,140000,Individual,First Owner,5505,2
Yamaha Rx,70000,Individual,Used,5000,20
Hero Honda Splendor Plus,15000,Individual,First Owner,30000,13
Bajaj Pulsar 125,65000,Individual,First Owner,16000,1
Honda Activa 5G,42000,Individual,First Owner,22000,2
Yamaha Fazer Dlx,58000,Individual,First Owner,40000,8
Harley-Davidson Street 750,330000,Individual,Used,6500,6
Hero Xtreme 2014,35000,Individual,First Owner,15000,7
Royal Enfield Classic 350,162000,Individual,First Owner,17365,2
Hero Honda Hunk,28000,Individual,First Owner,40000,11
Royal Enfield Interceptor 650,285000,Individual,First Owner,5500,1
Royal Enfield Classic 350,125000,Individual,First Owner,33900,3
Bajaj Pulsar 150 [2001-2011],15000,Individual,First Owner,47670,15
Honda Activa [2000-2015],29500,Individual,First Owner,45000,7
TVS Apache RR310,200000,Individual,First Owner,5000,1
Jawa Standard,160000,Individual,First Owner,5700,1
Hero Honda Splendor PRO,30000,Individual,First Owner,22866,8
Yamaha FZ25,110000,Individual,First Owner,10000,1
Bajaj Pulsar 220F,70000,Individual,First Owner,31000,4
Yamaha Fascino 110,69000,Individual,First Owner,1600,1
Yamaha FZ16,30000,Individual,First Owner,44000,9
Yamaha FZ16,30000,Individual,First Owner,70000,10
TVS Star City Plus,42000,Individual,First Owner,21000,3
Royal Enfield Classic 350,160000,Individual,First Owner,17365,2
Bajaj Pulsar 135 LS,20000,Individual,First Owner,80000,10
Suzuki Access 125,45000,Individual,First Owner,15000,3
Bajaj Pulsar 135 LS,23000,Individual,First Owner,77000,10
UM Renegade Commando,140000,Individual,Used,40000,3
Hero Honda Splendor Plus,12000,Individual,First Owner,48000,15
Hero Passion PRO i3s,50000,Individual,First Owner,18000,3
Royal Enfield Classic 350,140000,Individual,First Owner,20000,2
Honda Activa 5G,55000,Individual,First Owner,9000,1
Yamaha Fascino 110,45000,Individual,First Owner,56000,4
Hero Splendor Plus,25000,Individual,First Owner,50000,8
Royal Enfield Thunderbird 350,90000,Individual,First Owner,12000,6
Yamaha YZF R15 V3,120000,Individual,First Owner,11500,2
KTM RC 200,120000,Individual,First Owner,20000,5
TVS Radeon,35000,Individual,First Owner,20000,3
Hero HF Deluxe,35000,Individual,First Owner,27000,3
BMW G310GS,300000,Individual,First Owner,2500,2
Royal Enfield Thunderbird 350,87000,Individual,First Owner,20477,8
Hero Honda Splendor Plus,18000,Individual,First Owner,35700,10
Yamaha FZ S V 2.0,50000,Individual,First Owner,70000,6
Bajaj Avenger Street 220,60000,Individual,First Owner,29000,4
Hero Honda Splendor Plus,15000,Individual,First Owner,14500,16
Bajaj Platina 100,30000,Individual,First Owner,37000,2
Royal Enfield Thunderbird 350X,160000,Individual,First Owner,3246,2
Honda CB Unicorn 150,50000,Individual,First Owner,27000,4
Suzuki Gixxer [2014-2018],62000,Individual,First Owner,15000,3
Bajaj Platina 100,45000,Individual,First Owner,15000,1
Royal Enfield Thunderbird 350,120000,Individual,First Owner,4050,3
Royal Enfield Thunderbird 500,125000,Individual,First Owner,25000,6
Bajaj Pulsar AS150,50000,Individual,First Owner,5000,5
Bajaj Pulsar 150,30000,Individual,Used,5000,8
Hero Pleasure,40000,Individual,First Owner,14000,6
Honda Aviator,41000,Individual,First Owner,36500,7
Royal Enfield Thunderbird 350,120000,Individual,Used,9000,3
Hero Ignitor,35000,Individual,First Owner,33200,6
Hero Honda CD100SS,10000,Individual,First Owner,646000,23
TVS Apache RTR 160,35000,Individual,First Owner,25000,9
Hero Achiever 150,38000,Individual,First Owner,26000,3
Vespa LX 125,50000,Individual,First Owner,3909,5
Honda Activa 3G,40000,Individual,First Owner,7672,5
Hero Splendor Plus i3s,70000,Individual,First Owner,3000,1
Royal Enfield Classic 350,140000,Individual,First Owner,3654,4
Hero Maestro,26500,Individual,Used,40000,4
Hero Glamour 125,38000,Dealer,First Owner,5500,4
Yamaha FZ16,60000,Individual,First Owner,29950,4
Royal Enfield Himalayan,145000,Individual,First Owner,14000,3
Yamaha FZ S V 2.0,78000,Individual,First Owner,26100,3
Hero Maestro Edge,58000,Individual,First Owner,6000,2
Yamaha FZ25,130000,Individual,First Owner,4000,3
TVS Victor,20000,Individual,First Owner,50000,19
Bajaj Dominar 400 [2018],150000,Individual,First Owner,5475,2
Bajaj Pulsar 180,32000,Individual,First Owner,40000,8
Bajaj Pulsar 180,50000,Individual,First Owner,20500,3
KTM 200 Duke,120000,Individual,First Owner,4100,3
Bajaj Avenger Street 150 [2018],60000,Individual,Used,23097,4
Bajaj Discover 100 M,20000,Individual,First Owner,37734,9
Royal Enfield Bullet 350 [2007-2011],65000,Individual,Used,65000,9
Yamaha YZF R15 S,70000,Individual,First Owner,8000,4
Yamaha FZ V 2.0,35000,Individual,First Owner,13500,6
Bajaj Avenger Street 220,95000,Individual,First Owner,23000,2
Bajaj Pulsar 150,8000,Individual,First Owner,58000,15
Royal Enfield Thunderbird 350,85000,Individual,First Owner,15000,10
Hero Achiever 150,65000,Individual,First Owner,29000,4
Hero Passion Pro 110,39000,Individual,First Owner,20000,7
Hero Duet,45000,Individual,First Owner,35000,3
Bajaj Avenger Street 150 [2018],60000,Individual,First Owner,45137,4
Royal Enfield Classic Stealth Black,160000,Individual,First Owner,7500,2
Bajaj Pulsar 150,35000,Individual,First Owner,35600,9
Bajaj Pulsar 135 LS,40000,Individual,First Owner,15000,2
Yamaha Fazer [2009-2016],40000,Individual,First Owner,7353,8
Honda CB Hornet 160R,56000,Individual,Used,13200,3
Honda CB Unicorn Dazzler,22000,Individual,First Owner,38350,9
Yamaha YBR 125,36000,Individual,First Owner,20400,6
Suzuki Intruder 150 Fi,100000,Individual,First Owner,14500,2
Bajaj V15,42000,Individual,First Owner,19500,4
Royal Enfield Electra 5 S,85000,Individual,First Owner,20000,12
Hero Passion PRO TR,45000,Individual,First Owner,36000,6
Yamaha FZ25,145000,Individual,First Owner,4500,1
Hero Karizma [2003-2014],50000,Individual,First Owner,38000,7
Royal Enfield Interceptor 650,270000,Individual,First Owner,9000,1
Royal Enfield Thunderbird 350,60000,Individual,First Owner,40000,14
Royal Enfield Classic Squadron Blue,140000,Individual,First Owner,25000,3
Hero Honda Splendor Plus,28000,Individual,First Owner,70889,12
KTM 390 Duke ABS [2013-2016],180000,Individual,Used,13125,5
Bajaj Pulsar 180,42000,Individual,Used,19600,6
Suzuki Access 125 [2007-2016],16000,Individual,First Owner,40000,9
Hero Splendor iSmart,40000,Individual,First Owner,19055,5
Bajaj Pulsar 180,38000,Individual,Used,57000,8
Yamaha YZF R15 S,85000,Individual,First Owner,13000,3
Honda Aviator,28000,Individual,First Owner,28087,7
KTM 200 Duke,135000,Individual,First Owner,24000,2
Royal Enfield Thunderbird 350,120000,Individual,First Owner,24600,4
Hero Karizma ZMR,37000,Individual,First Owner,27500,10
Royal Enfield Classic Chrome,135000,Individual,First Owner,45000,5
Hero Honda Splendor,10000,Individual,First Owner,61000,20
Mahindra Rodeo,20000,Individual,First Owner,7000,7
TVS Apache RTR 160,83299,Individual,First Owner,6400,1
Yamaha Fazer FI V 2.0 [2016-2018],65000,Individual,First Owner,3500,2
Honda Activa 5G,50000,Individual,First Owner,14000,2
Bajaj Pulsar 220 Fi,65000,Individual,First Owner,6409,7
Hero Honda Karizma ZMR [2010],45000,Individual,Used,44000,8
Honda CB Hornet 160R,60000,Individual,First Owner,16500,3
Royal Enfield Bullet 350,110000,Individual,First Owner,36000,5
Hero Honda CD Deluxe,14700,Individual,Used,30000,15
Yamaha Saluto,38000,Individual,First Owner,15000,5
Suzuki Access 125,70000,Individual,First Owner,14500,2
TVS Sport,35000,Individual,First Owner,26600,2
Hero Honda Glamour,19000,Individual,First Owner,32000,8
KTM 125 Duke,130000,Individual,First Owner,3500,1
Bajaj Pulsar NS200,50000,Dealer,First Owner,58203,7
Bajaj Pulsar 150 [2001-2011],18000,Individual,First Owner,21885,15
Hero Xtreme 200R,87000,Individual,First Owner,3200,1
Hero Honda Splendor Plus,40000,Individual,First Owner,40000,13
Bajaj Discover 150S,35000,Individual,First Owner,28000,5
Honda CBR-250R,100000,Individual,Used,3500,9
Hero Pleasure,30000,Individual,First Owner,24000,7
Bajaj Avenger Cruise 220,95000,Individual,First Owner,1800,2
Bajaj Discover 125 ST,25000,Individual,First Owner,76000,8
Bajaj Pulsar 150 [2001-2011],26500,Individual,First Owner,52500,10
Bajaj Boxer,12000,Individual,First Owner,17500,12
Bajaj Pulsar 150,20000,Individual,First Owner,41000,14
Royal Enfield Classic Signals,195000,Individual,First Owner,2845,2
Bajaj Pulsar 180,14900,Individual,First Owner,50000,13
Honda Dream Yuga,48000,Individual,First Owner,7110,2
Yamaha FZ S [2012-2016],40000,Individual,First Owner,27785,6
Honda CB Unicorn,45000,Individual,First Owner,75000,10
Honda Shine,25000,Individual,First Owner,20000,10
Honda Activa 3G,25000,Individual,First Owner,20000,9
Honda Activa [2000-2015],10000,Individual,First Owner,60000,11
Mahindra Flyte,22000,Individual,Used,20000,11
Honda Activa 3G,45000,Individual,First Owner,18000,5
KTM 250 Duke,135000,Individual,First Owner,16500,3
Yamaha Ray Z,75000,Individual,First Owner,15000,3
Bajaj Pulsar 135 LS,24000,Individual,First Owner,45000,10
Yamaha FZ16,45000,Individual,First Owner,37000,4
Hero Passion PRO i3s,55000,Individual,First Owner,14600,3
Bajaj Discover 125,10000,Individual,First Owner,51000,14
Royal Enfield Classic 350,135000,Individual,First Owner,15000,3
Honda CB Unicorn 150,55000,Individual,First Owner,12000,3
Bajaj Avenger [2015],35000,Individual,First Owner,15000,8
Bajaj Super,20000,Individual,First Owner,21000,32
Bajaj Pulsar 150,26000,Individual,Used,65000,8
Honda Activa [2000-2015],23000,Individual,First Owner,95000,11
Royal Enfield Classic Desert Storm,150000,Individual,First Owner,23000,5
Hero Honda CD Deluxe,24700,Individual,Used,40000,8
Hero Duet,35000,Individual,Used,49637,4
Hero Honda Passion PRO [2012],12000,Individual,First Owner,90000,8
Royal Enfield Classic 350,150000,Individual,First Owner,7000,3
Honda Activa 3G,50000,Individual,First Owner,5326,4
Honda Activa [2000-2015],25000,Individual,First Owner,585659,11
Hero Honda CD100,15000,Dealer,Used,10000,21
Hero Super Splendor,35000,Individual,Used,37541,6
Honda CB Trigger,45000,Individual,First Owner,36000,5
Honda Dream Yuga,25000,Individual,First Owner,29000,7
Hero Honda Passion Plus,40000,Individual,First Owner,29000,2
TVS Spectra,17000,Individual,First Owner,50000,12
Hero Ignitor,30000,Individual,First Owner,18000,4
Hero Honda CD100,15000,Individual,First Owner,50000,20
Bajaj Pulsar 220F,60000,Individual,Used,40000,3
Hero Splendor Plus,30000,Individual,First Owner,20000,7
Yamaha YZF R15 [2011-2018],60000,Individual,First Owner,22000,8
Honda Activa 3G,32000,Individual,First Owner,4500,5
Bajaj Discover 150,30000,Individual,First Owner,50000,8
Bajaj Pulsar 150 [2001-2011],55000,Individual,First Owner,42000,10
Bajaj Avenger Street 150 [2018],75000,Individual,First Owner,35000,4
TVS Star City Plus,52000,Individual,First Owner,25000,3
Bajaj Discover 125,38000,Individual,First Owner,34000,2
Bajaj Discover 135,12000,Individual,First Owner,60000,13
Honda CB Shine SP,47000,Individual,First Owner,73000,3
Honda Activa [2000-2015],22000,Individual,First Owner,38000,6
Bajaj Avenger [2015],65000,Individual,First Owner,26000,5
Bajaj Platina 100,23000,Individual,Used,24000,7
Bajaj Discover 100,30000,Individual,First Owner,45000,9
Bajaj Pulsar 150,35000,Individual,First Owner,36000,9
Bajaj Avenger Street 150 [2018],80000,Individual,First Owner,30000,3
Bajaj Platina 100,20000,Individual,First Owner,16295,8
Bajaj Pulsar 150,16000,Individual,Used,59000,9
Bajaj Pulsar 150,20000,Individual,First Owner,9500,14
Bajaj Pulsar NS200,50000,Individual,First Owner,46000,8
Honda CB Trigger,40000,Individual,First Owner,75000,5
Bajaj Pulsar 135 LS,20000,Individual,First Owner,80000,10
Bajaj Pulsar 180,65000,Individual,First Owner,26000,2
Yamaha YZF R15 S,85000,Individual,First Owner,26000,4
Hero Splendor Plus,12000,Individual,First Owner,100000,13
Hero Xpulse 200T,105000,Individual,First Owner,2900,1
Yamaha FZ S V 2.0,40000,Individual,First Owner,25000,5
Bajaj Discover 150,30000,Individual,Used,39500,9
Honda Activa [2000-2015],25000,Individual,First Owner,40000,8
Hero Splendor PRO,40000,Individual,First Owner,16000,4
Honda Dream Neo,45000,Individual,Used,21000,3
Bajaj CT 100,40000,Individual,First Owner,14000,2
Suzuki Access 125,70000,Individual,First Owner,7000,2
Honda Activa [2000-2015],30000,Individual,First Owner,22000,8
Hero Honda Pleasure,25000,Individual,First Owner,50000,11
Bajaj Platina 100,20000,Individual,First Owner,16295,8
Honda CB Hornet 160R,70000,Individual,First Owner,35000,3
Bajaj V15,50000,Individual,First Owner,9000,3
Hero Honda CD Deluxe,25000,Individual,First Owner,35000,10
Bajaj Pulsar 150,22000,Individual,First Owner,60000,9
Honda Activa [2000-2015],35000,Individual,First Owner,29500,7
TVS Apache RTR 160,40000,Individual,Used,50000,6
Bajaj Pulsar 220F,75000,Individual,First Owner,10500,4
Hero Honda Passion PRO [2012],28000,Individual,Used,60000,9
Hero Maestro Edge,55000,Individual,First Owner,39000,2
Honda Dio,30000,Individual,First Owner,24000,6
Hero Glamour 125,40000,Individual,First Owner,15000,4
Bajaj Avenger Street 160,85000,Individual,First Owner,3000,1
Hero Honda CD Deluxe,12000,Individual,Used,100000,13
Yamaha YBR 125,35000,Individual,First Owner,20350,7
Bajaj Pulsar 150,25000,Individual,Used,50000,5
Bajaj Pulsar 150,40000,Individual,Used,37000,8
Hero Honda CD Deluxe,15000,Individual,First Owner,70000,9
Hero Passion PRO i3s,55000,Individual,First Owner,15000,2
Bajaj Pulsar 180,60000,Individual,First Owner,28563,5
Yamaha Fazer 25,115000,Individual,First Owner,11000,2
TVS Excel,5000,Individual,First Owner,60000,22
Honda Shine,40000,Individual,First Owner,21121,5
Honda Dream Neo,50000,Individual,First Owner,25000,6
Honda Dio,28000,Individual,First Owner,13000,6
Hero Splendor Plus,35000,Individual,First Owner,55000,7
Bajaj Xcd,25000,Individual,Used,100000,13
TVS Streak,20000,Individual,Used,36000,11
Bajaj Pulsar 180,40000,Individual,First Owner,34000,7
Hero Xtreme 200R,86000,Individual,First Owner,12000,2
Yamaha YZF R15 [2011-2018],65000,Individual,First Owner,29000,9
Bajaj Avenger Street 150 [2018],60000,Individual,First Owner,30000,3
Yamaha RX135,65000,Individual,Used,16500,22
Honda CB Shine SP,41000,Individual,First Owner,33000,3
Honda CBR150 R,110000,Individual,First Owner,11800,3
Honda Dream Yuga,32000,Individual,First Owner,39000,3
Honda Shine,37000,Individual,First Owner,16145,6
Hero Splendor Plus i3s,65000,Individual,First Owner,1000,1
Hero Honda Passion Plus,18000,Individual,Used,50000,13
Hero Honda Passion PRO [2012],28700,Individual,Used,49876,8
Honda Activa 3G,35000,Individual,First Owner,51000,4
Bajaj Pulsar 180F,100000,Individual,First Owner,1300,1
Hero Honda Glamour,21000,Individual,First Owner,11000,10
Bajaj Pulsar 150 [2001-2011],30000,Individual,Used,55000,10
TVS Apache RTR 200 4V,90000,Individual,First Owner,20000,1
Bajaj Super,6000,Individual,First Owner,35000,29
Hero Honda Passion Plus,23500,Individual,First Owner,60000,10
Bajaj Pulsar 150,55000,Individual,Used,40000,5
Yamaha SZ X,35000,Individual,First Owner,46000,10
Hero Honda CD100,15000,Individual,First Owner,65000,22
Bajaj Pulsar 180,35000,Individual,First Owner,19000,11
Bajaj Pulsar 220 DTS-i,40000,Individual,First Owner,26000,9
Hero Honda Achiever,15000,Individual,First Owner,86000,11
Hero Honda Karizma,40000,Individual,Used,340000,9
Honda CB Unicorn 160,75000,Individual,First Owner,40000,4
Bajaj Avenger Cruise 220,70000,Individual,First Owner,10000,4
Bajaj Discover 135,22000,Individual,First Owner,25000,13
Yamaha FZ S V 2.0,80000,Individual,First Owner,10000,1
Bajaj Pulsar 150,72000,Individual,First Owner,24000,3
Hero HF Deluxe,30000,Individual,Used,35000,6
Bajaj Pulsar 135 LS,25000,Individual,Used,30000,9
Aprilia SR 125,65000,Individual,First Owner,6500,2
Bajaj Pulsar 150,68000,Individual,First Owner,10000,1
Hero Duet,27000,Individual,First Owner,28000,4
Honda CB Twister,25000,Individual,First Owner,35000,5
Bajaj Discover 125,45000,Individual,First Owner,20000,4
Honda CBR-250R,200000,Individual,First Owner,5500,1
Bajaj Pulsar 180,20100,Individual,First Owner,36000,12
Honda Shine,30000,Individual,First Owner,25000,6
Suzuki Swish [2012-2015],30000,Individual,First Owner,30000,6
TVS Star City,21000,Individual,First Owner,101000,9
Hero Super Splendor,45000,Individual,First Owner,21000,8
Yamaha Fazer [2009-2016],45000,Individual,First Owner,57700,6
TVS Scooty Pep DLX,14500,Individual,First Owner,44000,8
Honda Dream Yuga,47000,Individual,First Owner,8800,1
TVS Star City Plus,26000,Individual,Used,68000,6
Yamaha Fazer [2009-2016],25000,Individual,First Owner,120000,7
Hero Honda Street Smart,10000,Individual,First Owner,24000,20
TVS Apache RTR 160,50000,Individual,First Owner,38000,3
Honda Dio,23000,Individual,First Owner,40000,10
Honda Activa [2000-2015],50000,Individual,First Owner,48000,6
Hero Maestro Edge,46000,Individual,First Owner,14000,5
Honda CB Hornet 160R,80000,Individual,First Owner,18000,3
Hero Karizma [2003-2014],50000,Individual,First Owner,38000,7
Honda CB Trigger,40000,Individual,First Owner,75000,6
Honda CB Hornet 160R,70000,Individual,First Owner,35000,3
Hero Glamour FI,30900,Individual,First Owner,25000,6
Bajaj Avenger [2015],65000,Individual,First Owner,20000,10
Hero Honda Splendor Plus,15000,Individual,First Owner,100000,14
TVS Apache RTR 160,89999,Individual,First Owner,6400,1
Hero Honda Splendor Plus,17600,Individual,First Owner,52000,14
Bajaj Platina 100,17000,Individual,First Owner,16000,13
Yamaha FZ25,90000,Individual,First Owner,8200,2
Bajaj Pulsar 150 [2001-2011],35000,Individual,First Owner,60000,10
Yamaha YZF R15 S,70000,Individual,First Owner,16000,3
Bajaj Discover 125,15000,Individual,First Owner,47000,9
Hero Passion PRO i3s,35000,Individual,First Owner,18000,4
Honda Activa [2000-2015],15000,Individual,First Owner,50000,14
Bajaj Discover 125,50000,Individual,First Owner,6000,2
Suzuki Gixxer [2014-2018],69000,Individual,First Owner,20000,3
TVS Wego,15000,Individual,First Owner,65000,9
Bajaj Discover 150,25000,Individual,First Owner,25000,12
Suzuki Access 125 [2007-2016],30000,Individual,First Owner,23000,8
Hero Karizma 2014,45000,Individual,First Owner,5555,6
Hero CD Deluxe,35000,Individual,First Owner,38000,4
Yamaha Fazer 25,120000,Individual,First Owner,6000,2
Hero Splendor Plus,25000,Individual,First Owner,45000,5
Yamaha YZF R15 [2011-2018],80000,Individual,First Owner,27000,3
Hero Honda Splendor Plus,10000,Individual,First Owner,98000,13
TVS Apache RTR 160,70000,Individual,First Owner,16000,2
Bajaj Pulsar 150,35000,Individual,First Owner,50000,9
Hero Glamour 125,40000,Individual,First Owner,71250,5
Hero Honda Passion Plus,20000,Individual,First Owner,28000,14
Honda CB Twister,30000,Individual,First Owner,50000,8
Bajaj CT 100,8000,Individual,Used,82000,15
Bajaj Pulsar 220 DTS-i,65000,Individual,First Owner,6409,7
Hero Honda Super Splendor [2005],20000,Individual,First Owner,54000,12
Honda CB Trigger,45000,Individual,First Owner,20000,7
Hero Hunk,35000,Individual,First Owner,50000,7
Bajaj Discover 150,25000,Individual,First Owner,52000,9
TVS Apache RTR 160,15000,Individual,Used,880000,11
Hero Xtreme Sports,65000,Individual,First Owner,23000,3
Bajaj Avenger [2015],45000,Individual,First Owner,35000,9
Honda Activa 125,45000,Individual,First Owner,49000,3
Bajaj Pulsar 220F,50000,Individual,Used,55000,9
Bajaj Pulsar NS200,85000,Individual,Used,15100,2
Hero Honda Splendor,25000,Individual,First Owner,38000,12
Honda CB Unicorn 150,60000,Individual,First Owner,12652,3
Suzuki Gixxer SF Fi,100000,Individual,First Owner,7000,1
KTM RC 200,180000,Individual,Used,13800,1
Bajaj Discover 100,25000,Individual,Used,28000,10
TVS Wego,15000,Individual,Used,20000,9
Honda CB Hornet 160R,60000,Individual,Used,16008,3
Yamaha YZF R15 S,75000,Individual,First Owner,36000,2
Hero CBZ,35000,Individual,First Owner,36000,10
TVS Scooty Zest 110,55000,Individual,First Owner,380,2
Yamaha FZ S V 2.0,85000,Individual,First Owner,50000,2
Hero Honda Glamour,35000,Individual,First Owner,30000,8
Hero Honda CBZ extreme,35000,Individual,First Owner,35000,9
Yamaha FZ S V 2.0,60000,Individual,First Owner,14500,3
Suzuki Access 125,40000,Individual,First Owner,15000,3
Bajaj Pulsar 150,30000,Individual,First Owner,54000,10
Bajaj Pulsar NS160,80000,Individual,First Owner,11000,2
Hero Splendor PRO,24000,Individual,First Owner,43000,9
Honda Shine,18000,Individual,First Owner,15000,10
Hero Passion Pro 110,20000,Individual,Used,40000,12
Yamaha FZ16,40000,Individual,First Owner,93000,4
Suzuki Access 125,20000,Individual,First Owner,24000,8
TVS Jupiter,70000,Individual,First Owner,14000,2
Hero Passion Pro 110,50000,Individual,First Owner,29442,1
Yamaha FZ S V 2.0,75000,Individual,First Owner,20000,3
Honda Livo,25000,Individual,First Owner,30000,5
Honda CB Hornet 160R,70000,Individual,First Owner,38000,3
Honda Activa 125 [2016-2017],55000,Individual,First Owner,18000,2
Honda Activa 5G,51000,Individual,First Owner,14000,2
Yamaha Saluto,74000,Individual,First Owner,13000,1
Yamaha FZ S V 2.0,65000,Individual,First Owner,42000,3
Bajaj Avenger Street 150 [2018],60000,Individual,Used,27000,4
Bajaj Pulsar 220F,110000,Individual,First Owner,4000,1
Yamaha YZF R15 [2011-2018],50000,Individual,First Owner,1200,6
TVS Apache RTR 160 4V,85009,Individual,First Owner,7500,2
Hero Passion Pro 110,60000,Individual,First Owner,15000,7
Bajaj Pulsar 150,25000,Individual,Used,70000,7
TVS Apache RTR 160 4V,75000,Individual,First Owner,12657,1
Honda CB Unicorn 150,30000,Individual,First Owner,69000,10
Honda Activa [2000-2015],16600,Individual,First Owner,100000,10
Honda Activa 3G,30000,Individual,First Owner,18000,5
Honda Shine,20000,Individual,First Owner,80000,13
Honda Activa 5G,62000,Individual,First Owner,11200,1
Bajaj Avenger Street 220,60000,Individual,First Owner,17000,4
Hero Xtreme [2013-2014],45000,Individual,First Owner,56420,6
Yamaha FZ S [2012-2016],40000,Individual,First Owner,82000,9
Suzuki Intruder 150,75000,Individual,First Owner,10000,2
Yamaha Fazer [2009-2016],50000,Individual,First Owner,100000,8
Bajaj Pulsar RS 200,105000,Individual,First Owner,18345,3
Bajaj Discover 135,30000,Individual,First Owner,20000,11
Hero Honda CBZ,10000,Individual,Used,48000,20
Bajaj Pulsar 135 LS,45000,Individual,First Owner,14000,6
Yamaha Fazer 25,145000,Individual,Used,4100,2
Honda CB Unicorn 150,45000,Individual,Used,50000,4
Honda Activa 5G,65000,Individual,First Owner,3025,1
Bajaj Pulsar 135 LS,20000,Individual,First Owner,60000,9
Hero Duet,37000,Individual,First Owner,6000,4
Hero Splendor NXG,18000,Individual,First Owner,35000,9
Hero Glamour 125,25000,Individual,First Owner,50000,7
Honda Activa 5G,46000,Individual,First Owner,10000,2
Yamaha Fascino 110,55000,Individual,First Owner,7000,1
Bajaj V15,40000,Individual,First Owner,34000,4
Hero Honda Passion PRO [2012],25000,Individual,Used,20000,8
Honda Activa [2000-2015],25000,Individual,First Owner,38000,8
Bajaj Xcd,15000,Individual,First Owner,100000,12
Bajaj Pulsar NS160,70000,Individual,First Owner,20000,2
Honda CB Hornet 160R,70000,Individual,First Owner,240000,3
Yamaha RXG,25000,Individual,First Owner,45354,23
TVS Streak,10000,Individual,First Owner,100000,11
Bajaj Pulsar RS 200,80000,Individual,First Owner,32000,5
Yamaha Alpha,25000,Individual,Used,14000,5
Honda Livo,35000,Individual,First Owner,70000,4
Mahindra Gusto,25000,Individual,First Owner,13500,4
Bajaj Discover 125,26000,Individual,First Owner,75000,8
Hero Glamour 125,15000,Individual,First Owner,75000,9
Honda CB Unicorn 160,50000,Individual,First Owner,52000,3
Hero Pleasure,26500,Individual,First Owner,18860,7
Royal Enfield Classic 350,135000,Individual,First Owner,2700,3
Honda CB Hornet 160R,80000,Individual,First Owner,100000,4
Bajaj CT 100,30000,Individual,First Owner,38500,4
Yamaha FZ S V 2.0,90000,Individual,First Owner,10500,2
Bajaj Pulsar 180,85000,Individual,First Owner,35000,4
Hero Glamour 125,54000,Individual,First Owner,17000,7
Bajaj CT 100,42000,Individual,First Owner,2900,1
Bajaj Discover 100 T,25000,Individual,First Owner,30000,6
TVS Star City Plus,50000,Individual,Used,14000,4
Honda CB Unicorn 150,55000,Individual,First Owner,10000,6
Hero Passion PRO TR,35000,Individual,First Owner,9556,6
Honda CB Shine SP,50000,Individual,First Owner,37000,2
Bajaj V15,45000,Individual,First Owner,2700,5
Bajaj V15,45000,Individual,First Owner,36000,4
Bajaj Discover 100,28000,Individual,Used,52000,5
Royal Enfield Electra 4 S,80000,Individual,First Owner,46000,7
KTM 200 Duke,130000,Individual,First Owner,12000,4
Bajaj Pulsar 220F,120000,Individual,First Owner,6500,1
Suzuki GS150R,27000,Individual,First Owner,14100,8
Honda Shine,30000,Individual,First Owner,40000,6
Honda CB Unicorn Dazzler,50000,Individual,First Owner,75000,10
Honda Livo,45000,Individual,First Owner,10000,2
Honda Aviator,28000,Individual,First Owner,29625,11
Honda Activa [2000-2015],6000,Individual,Used,35000,14
Hero Hunk,35000,Individual,First Owner,32000,4
Honda Activa 125,30000,Individual,First Owner,20000,6
Bajaj Discover 110,15000,Individual,First Owner,70000,13
Hero Xtreme [2013-2014],45000,Individual,First Owner,57000,7
TVS Victor GLX,18000,Individual,First Owner,11000,15
Bajaj Pulsar NS200,85000,Individual,First Owner,17500,2
Honda Aviator,30000,Individual,First Owner,7000,6
Bajaj Platina 100,40000,Individual,First Owner,17500,2
TVS Sport,34000,Individual,First Owner,25000,2
Hero Honda Passion Plus,8000,Individual,First Owner,53500,17
Bajaj V15,70000,Individual,First Owner,15000,2
Honda Dio,50000,Individual,First Owner,8000,4
Honda Dream Yuga,35000,Individual,First Owner,39448,5
Hero Honda Splendor Plus,20000,Individual,First Owner,75000,14
Bajaj Pulsar 150,50000,Individual,First Owner,28000,8
Bajaj Discover 135,37000,Individual,First Owner,62000,12
Honda Livo,69000,Individual,First Owner,12000,2
Hero Honda Splendor NXG,28000,Individual,First Owner,49999,8
Bajaj Discover 125,25000,Individual,First Owner,70000,9
Yamaha FZ V 2.0,60000,Individual,First Owner,25000,2
Yamaha SZ-S,50000,Individual,First Owner,20000,6
Royal Enfield Thunderbird 350,135000,Individual,First Owner,4500,4
Bajaj Discover 125 M,30000,Individual,First Owner,45000,6
Yamaha FZ S [2012-2016],60000,Individual,First Owner,68000,6
Honda Activa [2000-2015],23000,Individual,First Owner,95000,11
Bajaj Xcd,20000,Individual,First Owner,16000,11
Bajaj Avenger Street 160,80000,Individual,First Owner,5000,1
Royal Enfield Electra 5 S,99000,Individual,Used,36000,14
TVS Apache RTR 200 4V,90000,Individual,First Owner,70000,2
Hero Honda Splendor Plus,20000,Individual,First Owner,27370,15
Hero Glamour 125,50000,Individual,First Owner,8600,3
TVS Victor GLX,27000,Individual,First Owner,49000,18
Honda Grazia,60000,Individual,First Owner,16000,2
Bajaj Pulsar 150 [2001-2011],12000,Individual,Used,100000,13
Hero Xtreme 2014,50000,Individual,First Owner,10000,6
Hero Pleasure,20000,Individual,Used,30000,8
Hero Passion XPro,45000,Individual,First Owner,7000,2
Hero Super Splendor,40000,Individual,First Owner,68000,7
Yamaha FZ S [2012-2016],45000,Individual,Used,20000,4
Honda Activa [2000-2015],25000,Individual,First Owner,25000,5
Hero Glamour FI,75000,Individual,First Owner,8900,1
Hero Honda Passion Plus,25000,Individual,First Owner,70000,13
Hero Splendor Plus,25000,Individual,Used,40000,14
Hero Xpulse 200,100000,Individual,First Owner,8500,1
Honda CB Unicorn 150,30000,Individual,First Owner,32000,8
Bajaj Discover 135,25000,Individual,First Owner,55000,10
Hero Honda Splendor,10000,Individual,First Owner,75000,14
Hero Honda CD Deluxe,25000,Individual,Used,65000,12
Royal Enfield Electra Twinspark,120000,Individual,First Owner,345000,4
Honda Dream Neo,42000,Individual,First Owner,21000,6
Hero Maestro,30000,Individual,First Owner,60000,7
Honda CBR150 R,77000,Individual,First Owner,38000,6
Honda CB Unicorn Dazzler,25000,Individual,First Owner,40000,9
TVS Apache [2006],15000,Individual,First Owner,40000,14
Hero Passion XPro,25000,Individual,First Owner,25000,7
Honda Activa 5G,50000,Individual,First Owner,25000,2
Honda Activa i,30000,Individual,First Owner,25000,6
TVS Apache RTR 200 4V,125000,Individual,First Owner,3000,1
Hero Honda CBZ extreme,35000,Individual,First Owner,28000,9
Suzuki Gixxer [2014-2018],45000,Individual,First Owner,40000,5
Hero Xpulse 200,98000,Individual,First Owner,8500,1
Bajaj Pulsar 150,75000,Individual,First Owner,30000,3
Bajaj Pulsar AS150,55000,Individual,Used,20000,3
Bajaj Platina 100,25000,Individual,First Owner,30000,7
Honda CB Twister,70000,Individual,First Owner,12566,6
Suzuki SlingShot,24000,Individual,First Owner,17000,9
TVS Apache RTR 160,70000,Individual,First Owner,17000,2
Bajaj V12,45000,Individual,First Owner,35000,3
Hero Karizma 2014,25000,Individual,First Owner,40000,5
Yamaha YZF R15 V3,170000,Individual,First Owner,1400,1
Yamaha Fascino 110,38000,Individual,First Owner,37000,4
Honda CB Unicorn 160,45000,Individual,First Owner,15000,5
Yamaha Gladiator,15000,Individual,First Owner,46000,11
Hero Honda Glamour,45000,Individual,First Owner,75000,8
Bajaj Discover 100,22000,Individual,First Owner,14289,6
Mahindra Gusto,30000,Individual,Used,20000,5
Royal Enfield Thunderbird 350,100000,Individual,First Owner,28000,8
Royal Enfield Classic 350,100000,Individual,First Owner,19000,6
Bajaj Pulsar 150,60000,Individual,First Owner,28450,3
Royal Enfield Electra Twinspark,100000,Individual,First Owner,31500,6
Bajaj Pulsar 150,40000,Individual,First Owner,28000,4
Bajaj Pulsar 150,21000,Individual,First Owner,100000,13
Hero HF Deluxe,40000,Individual,First Owner,16000,2
Honda Activa [2000-2015],25000,Individual,First Owner,17860,13
Yamaha FZ S [2012-2016],45000,Individual,First Owner,24000,5
Bajaj Avenger Cruise 220,75000,Individual,First Owner,10950,4
Honda Dio,45000,Individual,First Owner,35850,3
Honda Activa i [2016-2017],35000,Individual,First Owner,29000,4
Royal Enfield Bullet 350 [2007-2011],60000,Individual,Used,4000,19
Yamaha FZ V 2.0,60000,Individual,First Owner,45420,4
Royal Enfield Classic 350,130000,Individual,Used,35000,2
Honda CB Shine SP,42000,Individual,First Owner,19800,3
Bajaj V15,76000,Individual,First Owner,23000,2
Hero CBZ,40000,Individual,First Owner,35000,6
Hero Splendor Plus,65000,Individual,First Owner,7500,2
Bajaj Discover 100 T,20000,Individual,First Owner,20000,7
Honda CB Hornet 160R,75000,Individual,First Owner,72000,4
Honda CB Hornet 160R,70000,Individual,First Owner,7000,2
TVS Apache RTR 160 4V,105000,Individual,First Owner,6000,1
Honda CB Shine SP,50000,Individual,First Owner,34300,3
Royal Enfield Classic 350,120000,Individual,First Owner,7199,3
Bajaj Pulsar 180,25000,Individual,First Owner,43000,9
TVS XL 100,30000,Individual,First Owner,8000,3
Hero Super Splendor,50000,Individual,First Owner,9999,3
Hero Honda CBZ extreme,25000,Individual,First Owner,80000,13
Bajaj Pulsar 180,50000,Individual,First Owner,30000,6
Bajaj Discover 150,35000,Individual,First Owner,12000,5
Bajaj Pulsar 180,30000,Individual,First Owner,17500,11
Honda Shine,37000,Individual,First Owner,45000,4
Honda CB Unicorn 150,42000,Individual,First Owner,38000,7
Royal Enfield Himalayan,119000,Individual,First Owner,19800,4
Kawasaki Ninja 650 [2018-2019],300000,Individual,First Owner,12000,9
Royal Enfield Classic 350,130000,Individual,Used,10000,27
Hero Honda Passion Plus,22000,Individual,Used,85000,12
Hero Honda Splendor Plus,15000,Individual,First Owner,70000,13
Benelli TNT 25,160000,Individual,First Owner,2009,3
Royal Enfield Thunderbird 500X,185000,Individual,First Owner,1500,2
Royal Enfield Continental GT [2013 - 2018],110000,Individual,First Owner,12077,6
KTM RC 200,150000,Individual,First Owner,20000,3
Royal Enfield Bullet 350 [2007-2011],150000,Individual,Used,20000,25
Bajaj Pulsar 220F,45000,Individual,First Owner,40000,9
Bajaj Avenger Street 220,75000,Individual,First Owner,12000,2
Honda Activa 125 [2016-2017],50000,Individual,First Owner,27000,3
Honda Shine,30000,Individual,First Owner,93000,7
Bajaj Discover 150F,30000,Individual,First Owner,12000,5
Bajaj Pulsar 150 [2001-2011],22000,Individual,First Owner,36000,9
Hero Karizma ZMR,75000,Individual,First Owner,11000,5
Honda Dream Yuga,45000,Individual,First Owner,26000,3
Hero Glamour 125,35000,Individual,First Owner,450000,6
Honda Activa [2000-2015],35000,Individual,First Owner,29000,8
Bajaj CT 100,25000,Individual,First Owner,45000,3
Honda CB Hornet 160R,70000,Individual,First Owner,13000,3
Hero CD Dawn,10000,Individual,First Owner,48000,15
Royal Enfield Classic Gunmetal Grey,180000,Individual,First Owner,5814,2
Bajaj Discover 100,24000,Individual,First Owner,31000,6
Honda Shine,42000,Individual,First Owner,25000,3
TVS Max DLX,26000,Individual,Used,28000,18
Honda Dio,60000,Individual,First Owner,11000,2
Bajaj Pulsar 180,72000,Dealer,First Owner,7850,3
Royal Enfield Thunderbird 350,120000,Individual,First Owner,10000,5
Royal Enfield Thunderbird 350,59000,Individual,Used,40000,15
Royal Enfield Classic Chrome,185000,Individual,Used,5000,5
Royal Enfield Classic Gunmetal Grey,140000,Individual,First Owner,14000,2
KTM 390 Duke,205000,Individual,First Owner,7500,2
Hero Pleasure [2005-2015],30000,Individual,First Owner,25000,7
TVS Victor,18000,Individual,First Owner,46700,16
Bajaj Pulsar 150,35000,Individual,First Owner,12000,9
KTM RC 200,185000,Individual,First Owner,6000,1
Kawasaki Ninja 300,300000,Individual,First Owner,9800,4
Honda Dream Yuga,30000,Individual,Used,46070,5
Bajaj Pulsar 150,35000,Individual,First Owner,14500,11
Bajaj Pulsar 150 [2001-2011],35000,Individual,First Owner,70000,12
Hero Honda Passion Plus,25000,Dealer,Used,100000,12
Yamaha YZF R15 [2011-2018],80000,Dealer,First Owner,30000,7
Hero Honda Splendor Plus,20000,Individual,Used,127000,16
Hero Karizma ZMR,43000,Individual,Used,63000,8
Hero Honda Splendor Plus,20000,Individual,Used,30000,10
Yo Style,20000,Individual,First Owner,10000,9
Hero Splendor iSmart,40000,Individual,First Owner,10000,5
Hero Super Splendor,30000,Individual,First Owner,89000,9
Bajaj Discover 100,21000,Individual,First Owner,50000,11
Yamaha Fazer [2009-2016],35000,Individual,First Owner,15500,9
Bajaj Discover 125,23000,Individual,First Owner,66000,9
Hero Super Splendor,40000,Individual,Used,80000,3
Honda Shine,40000,Individual,First Owner,8600,9
Bajaj Discover 125 M,45000,Individual,First Owner,40000,6
Bajaj Avenger Street 150 [2018],60000,Individual,First Owner,25000,4
Yamaha Fazer [2009-2016],40000,Individual,First Owner,34500,7
Hero Passion X Pro [2016-2017],42000,Individual,First Owner,15500,4
Honda Activa [2000-2015],18000,Individual,First Owner,28000,9
TVS Star City,15000,Individual,First Owner,40000,14
Hero Honda Hunk,45000,Individual,First Owner,40000,7
TVS Star City,25000,Individual,First Owner,50000,4
Bajaj Pulsar 150,70000,Individual,First Owner,24000,3
Bajaj Discover 100,23000,Individual,First Owner,50000,8
TVS Victor,10000,Individual,First Owner,55000,15
Hero Honda Splendor Plus,25000,Individual,First Owner,70000,8
Honda Aviator,25000,Individual,Used,12000,8
Bajaj Pulsar 180,50000,Individual,First Owner,70000,10
Bajaj Avenger [2015],60000,Individual,Used,16000,5
Hero CD Dawn,35000,Individual,First Owner,38000,6
Hero Maestro,50000,Individual,First Owner,100000,4
Honda CB Shine SP,50000,Individual,First Owner,45000,4
Hero Honda CD Deluxe,25500,Individual,First Owner,28990,8
Hero Honda Hunk,35000,Individual,First Owner,13000,10
Hero Honda CD Deluxe,20000,Individual,First Owner,15000,15
Honda Activa 3G,40000,Individual,First Owner,60000,4
Bajaj Pulsar 135 LS,45000,Individual,First Owner,22000,3
Bajaj Pulsar 150 [2001-2011],30000,Individual,First Owner,19500,12
Hero Pleasure,30000,Individual,First Owner,25000,7
Hero Honda CBZ extreme,30000,Individual,Used,70000,9
Bajaj Pulsar 150,40000,Individual,Used,65000,6
Honda CB Twister,25000,Individual,First Owner,86000,8
Honda Livo,45000,Individual,First Owner,30000,3
Bajaj Pulsar AS200,65000,Individual,First Owner,33000,5
Honda Activa 3G,40000,Individual,First Owner,36000,5
Hero Honda Hunk,40000,Individual,First Owner,41000,10
Honda CB Hornet 160R,70000,Individual,First Owner,28000,3
Hero HF Deluxe,35000,Individual,First Owner,15000,2
Hero Splendor PRO,35000,Individual,First Owner,35280,5
Bajaj Boxer,15000,Individual,First Owner,18000,16
Royal Enfield Electra 5 S,99000,Individual,First Owner,28000,8
Royal Enfield Electra 5 S,90000,Individual,First Owner,40000,8
Hero Honda Hunk,20000,Individual,First Owner,17000,10
Hero Ignitor,36000,Individual,First Owner,23000,4
Bajaj Discover 100 M,32000,Individual,First Owner,30000,6
Honda Activa 3G,50000,Individual,First Owner,6000,4
Bajaj Pulsar 135 LS,50000,Individual,First Owner,48000,5
Bajaj Pulsar 220 DTS-i,60000,Individual,First Owner,16000,6
Hero Honda CBZ extreme,40000,Individual,First Owner,50000,11
Hero Honda CBZ extreme,35000,Individual,First Owner,60000,8
Royal Enfield Thunder 500,175000,Individual,First Owner,3000,2
UM Renegade Mojave,170000,Individual,First Owner,1400,1
KTM RC200,165000,Individual,First Owner,4000,1
Bajaj Dominar 400,145000,Individual,First Owner,1200,1
Royal Enfield Classic 350,135000,Individual,First Owner,4100,1
KTM RC390,135000,Individual,First Owner,21700,3
Hyosung GT250R,135000,Individual,Used,16500,4
Royal Enfield Thunder 350,125000,Individual,First Owner,15000,5
Royal Enfield Thunder 350,120000,Individual,First Owner,18000,2
Royal Enfield Classic 350,120000,Individual,First Owner,11000,1
KTM RC200,120000,Individual,First Owner,6000,2
Royal Enfield Thunder 350,115000,Individual,First Owner,8700,2
KTM 390 Duke ,115000,Individual,First Owner,7000,4
Mahindra Mojo XT300,115000,Individual,First Owner,35000,2
Royal Enfield Classic 350,115000,Individual,First Owner,17000,3
Royal Enfield Classic 350,111000,Individual,First Owner,17500,3
Royal Enfield Classic 350,110000,Individual,First Owner,33000,5
Royal Enfield Thunder 500,110000,Individual,First Owner,14000,3
Royal Enfield Classic 350,110000,Individual,First Owner,26000,3
Royal Enfield Thunder 500,105000,Individual,First Owner,5400,5
Bajaj Pulsar RS200,105000,Individual,First Owner,5700,2
Royal Enfield Thunder 350,105000,Individual,First Owner,6900,7
Royal Enfield Bullet 350,105000,Individual,First Owner,6000,2
Royal Enfield Classic 350,100000,Individual,First Owner,46500,5
Royal Enfield Classic 500,95000,Individual,First Owner,11500,6
Royal Enfield Classic 500,90000,Individual,First Owner,40000,9
Bajaj Avenger 220,90000,Individual,First Owner,1300,1
Bajaj Avenger 150,75000,Individual,First Owner,7000,2
Honda CB Hornet 160R,80000,Individual,First Owner,3000,1
Yamaha FZ S V 2.0,78000,Individual,First Owner,5000,1
Honda CB Hornet 160R,75000,Individual,First Owner,11000,1
Yamaha FZ 16,75000,Individual,First Owner,18000,3
Bajaj Avenger 220,75000,Individual,First Owner,3500,1
Bajaj Avenger 220,72000,Individual,First Owner,500,2
TVS Apache RTR 160,65000,Individual,First Owner,11800,1
Bajaj Pulsar 150,65000,Individual,First Owner,5000,3
Honda CBR 150,65000,Individual,First Owner,23500,4
Hero Extreme,65000,Individual,First Owner,16000,5
Honda CB Hornet 160R,60000,Individual,First Owner,15000,2
Bajaj Avenger 220 dtsi,60000,Individual,First Owner,16600,3
Honda CBR 150,60000,Individual,First Owner,32000,5
Bajaj Avenger 150 street,60000,Individual,First Owner,20000,2
Yamaha FZ  v 2.0,60000,Individual,First Owner,29000,3
Yamaha FZ  v 2.0,60000,Individual,First Owner,25000,2
Bajaj Pulsar  NS 200,60000,Individual,First Owner,25000,4
TVS Apache RTR 160,60000,Individual,First Owner,19000,6
Hero Extreme,55000,Individual,First Owner,15000,4
Yamaha FZ S V 2.0,55000,Individual,First Owner,58000,3
Bajaj Pulsar 220 F,52000,Individual,First Owner,45000,8
Bajaj Pulsar 220 F,51000,Individual,First Owner,24000,2
TVS Apache RTR 180,50000,Individual,First Owner,6000,7
Hero Passion X pro,50000,Individual,First Owner,31000,2
Bajaj Pulsar NS 200,50000,Individual,First Owner,13000,6
Bajaj Pulsar NS 200,50000,Individual,First Owner,45000,5
Yamaha Fazer ,50000,Individual,First Owner,8000,4
Honda Activa 4G,48000,Individual,First Owner,4300,1
TVS Sport ,48000,Individual,First Owner,15000,1
Yamaha FZ S V 2.0,48000,Individual,First Owner,23000,3
Honda Dream Yuga ,48000,Individual,First Owner,8600,1
Honda Activa 4G,45000,Individual,First Owner,4000,1
Bajaj Avenger Street 220,45000,Individual,First Owner,24000,7
TVS Apache RTR 180,45000,Individual,First Owner,23000,4
Bajaj Pulsar NS 200,45000,Individual,First Owner,14500,6
Bajaj Avenger 220 dtsi,45000,Individual,First Owner,27000,8
Hero Splender iSmart,45000,Individual,First Owner,14000,2
Activa 3g,45000,Individual,First Owner,500,2
Hero Passion Pro,45000,Individual,First Owner,1000,2
TVS Apache RTR 160,42000,Individual,First Owner,42000,4
Honda CB Trigger,42000,Individual,First Owner,12000,5
Hero Splender iSmart,40000,Individual,First Owner,14000,3
Yamaha FZ S ,40000,Individual,First Owner,5500,6
Hero Passion Pro,40000,Individual,First Owner,6700,3
Bajaj Pulsar 135 LS,40000,Individual,First Owner,13700,4
Activa 4g,40000,Individual,First Owner,1300,1
Honda CB Unicorn,38000,Individual,First Owner,38600,3
Hero Honda CBZ extreme,38000,Individual,First Owner,75000,7
Honda Karizma,35000,Individual,First Owner,30000,7
Honda Activa 125,35000,Individual,First Owner,24000,2
TVS Jupyter,35000,Individual,First Owner,19000,4
Honda Karizma,31000,Individual,First Owner,213000,8
Hero Honda Passion Pro,30000,Individual,First Owner,60000,6
Hero Splender Plus,30000,Individual,First Owner,50000,2
Honda CB Shine,30000,Individual,First Owner,30000,5
Bajaj Discover 100,27000,Individual,First Owner,21000,5
Bajaj Pulsar 150,25000,Individual,Used,26000,10
Suzuki Access 125,25000,Individual,First Owner,1900,10
TVS Wego,25000,Individual,First Owner,22000,8
Honda CB twister,25000,Individual,First Owner,32000,5
Hero Glamour,25000,Individual,First Owner,18000,5
Hero Super Splendor,20000,Individual,First Owner,55000,13
Bajaj Pulsar 150,20000,Individual,First Owner,60000,10
Bajaj Discover 125,20000,Individual,Used,25000,6
Hero Hunk,20000,Individual,Used,49000,11
Hero  Ignitor Disc,20000,Individual,Used,24000,5
Hero  CBZ Xtreme,20000,Individual,First Owner,50000,10
Bajaj  ct 100,18000,Individual,First Owner,35000,3
Activa 3g,17000,Individual,First Owner,500000,10
Honda CB twister,16000,Individual,First Owner,33000,8
Bajaj Discover 125,15000,Individual,Used,35000,7
Honda CB Shine,12000,Individual,First Owner,53000,11
Bajaj Pulsar 150,10000,Individual,First Owner,92233,12
