State,Constituency,Assets,Party,Gender,Criminal Cases,Age,Education Level,General Votes,Postal Votes,Total Votes,Vote Share,Voters in Constituency,Region
Telangana,ADILABAD,3099414,BJP,MALE,52,52,High School,376892,482,377374,35.4682479,1489790,SOUTH
Uttar Pradesh,AGRA,74274036,BJP,MALE,5,58,Doctorate,644459,2416,646875,56.46461464,1937690,NORTH
Maharashtra,AHMADNAGAR,168664576,BJP,MALE,0,37,Doctorate,696961,7699,704660,58.42515898,1861396,WEST
Gujarat,AHMEDABAD EAST,74699690,BJP,MALE,0,58,Illiterate,745810,4024,749834,67.00546171,1811851,WEST
Gujarat,AHMEDABAD WEST,89474039,BJP,MALE,0,69,Post Graduate,638241,3381,641622,64.21145018,1643317,WEST
Rajasthan,AJMER,85101774,BJP,MALE,0,64,High School,811091,3985,815076,64.52234957,1876346,WEST
Uttar Pradesh,AKBARPUR,1141980,BJP,MALE,0,64,High School,577603,3679,581282,56.62023333,1766121,NORTH
Maharashtra,AKOLA,77153230,BJP,MALE,1,60,Graduate Professional,552898,1546,554444,49.49575293,1865169,WEST
Kerala,ALAPPUZHA,15268906,CPI(M),MALE,2,54,Graduate Professional,443003,2967,445970,40.91047525,1356701,SOUTH
Kerala,ALATHUR,1152816,INC,FEMALE,3,32,High School,532493,1322,533815,52.36684011,1266794,SOUTH
Uttar Pradesh,ALIGARH,109522559,BJP,MALE,0,46,High School,651805,4410,656215,56.37828085,1887127,NORTH
West Bengal,ALIPURDUARS,1418730,BJP,MALE,9,43,Middle School,747788,3016,750804,54.35976298,1648383,EAST
Uttar Pradesh,ALLAHABAD,26919330,BJP,FEMALE,6,69,Doctorate,493204,1250,494454,55.5845464,1716160,NORTH
Uttarakhand,ALMORA,9910448,BJP,MALE,0,46,High School,430455,14196,444651,63.53909006,1337808,NORTH
Rajasthan,ALWAR,352929,BJP,MALE,0,35,High School,750580,9621,760201,59.93021553,1888524,WEST
Andhra Pradesh,AMALAPURAM,85993362,YSRCP,FEMALE,0,46,Graduate,482003,3955,485958,39.33710441,1459556,SOUTH
Haryana,AMBALA,54361499,BJP,MALE,0,67,Post Graduate,744438,2070,746508,56.64280587,1853711,NORTH
Uttar Pradesh,AMBEDKAR NAGAR,307265103,BSP,MALE,1,38,Graduate,563445,673,564118,51.72476079999999,1785657,NORTH
Uttar Pradesh,AMETHI,111099609,BJP,FEMALE,0,43,High School,467598,916,468514,49.68566932,1743515,NORTH
Maharashtra,AMRAVATI,124554656,IND,FEMALE,1,33,High School,507844,3103,510947,45.87203159,1833091,WEST
Gujarat,AMRELI,35900763,BJP,MALE,0,64,High School,527593,1442,529035,58.043673600000005,1628451,WEST
Punjab,AMRITSAR,34011739,INC,MALE,0,46,High School,444052,980,445032,51.71291057,1507875,NORTH
Uttar Pradesh,AMROHA,74920879,BSP,MALE,0,43,Graduate,600744,338,601082,51.38533401,1646435,NORTH
Andhra Pradesh,ANAKAPALLI,91526244,YSRCP,FEMALE,0,52,Graduate Professional,583210,3016,586226,47.25891124,1521363,SOUTH
Gujarat,ANAND,77043053,BJP,MALE,2,54,Illiterate,631581,1516,633097,57.03144987,1655870,WEST
Punjab,ANANDPUR SAHIB,154637860,INC,MALE,0,53,Graduate Professional,426904,1141,428045,39.55965857,1698876,NORTH
Andhra Pradesh,ANANTAPUR,11773091,YSRCP,MALE,2,48,Doctorate,690901,4307,695208,51.5689326,1664160,SOUTH
Jammu & Kashmir,ANANTNAG,87620672,JKNC,MALE,0,65,Post Graduate,40032,148,40180,32.02486749,1397779,NORTH
Andaman & Nicobar Islands,ANDAMAN & NICOBAR ISLANDS,132233012,INC,MALE,0,52,Graduate Professional,95249,59,95308,45.95415578,318471,OTHERS
Uttar Pradesh,AONLA,21766502,BJP,MALE,0,50,High School,536377,1298,537675,51.06600614,1785605,NORTH
Tamil Nadu,ARAKKONAM,1146984897,DMK,MALE,2,71,High School,666688,5502,672190,56.97916102,1500016,SOUTH
West Bengal,ARAMBAGH,12527597,AITC,FEMALE,1,33,Post Graduate,649613,316,649929,44.13893194,1764726,EAST
Tamil Nadu,ARANI,234564815,INC,MALE,1,46,Graduate Professional,613390,4370,617760,53.956749699999996,1449150,SOUTH
Bihar,ARARIA,5010577,BJP,MALE,3,52,High School,618004,430,618434,52.86931039,1805439,EAST
Bihar,ARRAH,79971720,BJP,MALE,1,66,Graduate Professional,560106,6374,566480,52.33245632,2089353,EAST
Andhra Pradesh,ARUKU,141179,YSRCP,FEMALE,0,26,Graduate Professional,557561,4629,562190,52.13983965,1451418,SOUTH
Arunachal Pradesh,ARUNACHAL EAST,136628259,BJP,MALE,0,54,Post Graduate,148567,5316,153883,52.03689989,339788,OTHERS
Arunachal Pradesh,ARUNACHAL WEST,15279000,BJP,MALE,0,47,Graduate Professional,216494,9302,225796,62.02385956,463775,OTHERS
West Bengal,ASANSOL,59234826,BJP,MALE,4,48,Graduate,632727,651,633378,51.1551499,1615865,EAST
Odisha,ASKA,732470,BJD,FEMALE,0,70,Middle School,552364,385,552749,54.51764984,1541145,EAST
Kerala,ATTINGAL,144098612,INC,MALE,7,63,Graduate Professional,379469,1526,380995,37.87045946,1350710,SOUTH
Bihar,AURANGABAD,167895109,BJP,MALE,3,53,Post Graduate,426116,1605,427721,45.72262683,1742883,EAST
Maharashtra,AURANGABAD,29562768,AIMIM,MALE,4,50,Post Graduate,388784,258,389042,32.45459558,1886284,WEST
Assam,AUTONOMOUS DISTRICT,20693570,BJP,MALE,2,49,Graduate,380183,1133,381316,61.71579878,795945,NORTH EAST
Uttar Pradesh,AZAMGARH,377859166,SP,MALE,0,45,Graduate Professional,619594,1984,621578,60.359333299999996,1789168,NORTH
Karnataka,BAGALKOT,43980663,BJP,MALE,0,68,Graduate Professional,661662,2976,664638,55.17032428,1704010,SOUTH
Uttar Pradesh,BAGHPAT,78195793,BJP,MALE,1,63,Post Graduate,519631,6158,525789,50.28552793,1616476,NORTH
West Bengal,BAHARAMPUR,101315437,INC,MALE,7,63,High School,589580,1526,591106,45.43359008,1638378,EAST
Uttar Pradesh,BAHRAICH,45691463,BJP,MALE,0,73,High School,525512,470,525982,53.1218218,1729908,NORTH
Madhya Pradesh,BALAGHAT,88648133,BJP,MALE,0,66,Illiterate,692859,3243,696102,50.70931647,1767725,WEST
Odisha,BALASORE,1346236,BJP,MALE,7,64,Graduate,481438,2420,483858,41.73510271,1531781,EAST
Uttar Pradesh,BALLIA,24498319,BJP,MALE,2,62,Graduate,464039,5075,469114,47.357938,1822625,NORTH
West Bengal,BALURGHAT,5825866,BJP,MALE,0,39,Doctorate,537577,1740,539317,45.00920936,1431704,EAST
Gujarat,BANASKANTHA,41819177,BJP,MALE,0,70,Graduate Professional,675650,3458,679108,61.52795181,1697384,WEST
Uttar Pradesh,BANDA,55794086,BJP,MALE,2,59,Graduate,477100,826,477926,46.18035157,1702024,NORTH
Karnataka,BANGALORE CENTRAL,755529306,BJP,MALE,0,55,High School,601170,1683,602853,50.33477027,2204817,SOUTH
Karnataka,BANGALORE NORTH,209384539,BJP,MALE,0,66,Graduate Professional,821934,2566,824500,52.84158931,2849250,SOUTH
Karnataka,BANGALORE RURAL,3388920717,INC,MALE,5,52,High School,877712,546,878258,54.11911581,2497458,SOUTH
Karnataka,BANGALORE SOUTH,1346593,BJP,MALE,0,28,Graduate Professional,736605,2624,739229,62.137994400000004,2215489,SOUTH
West Bengal,BANGAON,5265388,BJP,MALE,8,37,Graduate,685237,2385,687622,48.81415082,1704632,EAST
Bihar,BANKA,19816050,JD(U),MALE,1,58,Post Graduate,476948,840,477788,47.97742655,1699394,EAST
West Bengal,BANKURA,19799440,BJP,MALE,1,65,Graduate Professional,672202,3117,675319,49.19837249,1648906,EAST
Uttar Pradesh,BANSGAON,171706883,BJP,MALE,5,42,Graduate,544434,2239,546673,56.37065199,1751258,NORTH
Rajasthan,BANSWARA,58711904,BJP,MALE,0,62,Graduate Professional,710684,1025,711709,49.42049525,1975368,WEST
Andhra Pradesh,BAPATLA,4158610,YSRCP,MALE,0,42,Middle School,592250,6007,598257,47.10692458,1468671,SOUTH
Uttar Pradesh,BARABANKI,18050127,BJP,MALE,1,51,Post Graduate,535594,323,535917,46.37131525,1816830,NORTH
Maharashtra,BARAMATI,1408888704,NCP,FEMALE,0,49,Graduate,683705,3009,686714,52.52845903,2114663,WEST
Jammu & Kashmir,BARAMULLA,597434000,JKNC,MALE,0,71,Graduate Professional,132969,457,133426,29.26015189,1317738,NORTH
West Bengal,BARASAT,40531018,AITC,FEMALE,2,60,Post Graduate,647819,625,648444,46.44368906,1718252,EAST
West Bengal,BARDHAMAN DURGAPUR,26521750,BJP,MALE,0,67,Graduate Professional,597450,926,598376,41.75136706,1733578,EAST
West Bengal,BARDHAMAN PURBA,20371283,AITC,MALE,0,61,Graduate Professional,640490,344,640834,44.51463355,1698089,EAST
Gujarat,BARDOLI,28350217,BJP,MALE,0,49,Illiterate,740448,1825,742273,54.99764753,1826526,WEST
Uttar Pradesh,BAREILLY,126356142,BJP,MALE,0,70,Graduate Professional,563533,1737,565270,52.88056758,1797655,NORTH
Odisha,BARGARH,11673429,BJP,MALE,0,59,Post Graduate,577074,4171,581245,46.4595333,1596290,EAST
Rajasthan,BARMER,2402250,BJP,MALE,2,45,Graduate,844104,2422,846526,59.49405253,1941231,WEST
Assam,BARPETA,7398753,INC,MALE,0,44,Post Graduate,643441,1732,645173,44.22603934,1685149,NORTH EAST
West Bengal,BARRACKPORE,8055691,BJP,MALE,24,57,High School,471490,1504,472994,42.81655003,1436431,EAST
West Bengal,BASIRHAT,29088391,AITC,FEMALE,0,28,High School,781920,158,782078,54.54700164,1678357,EAST
Chhattisgarh,BASTAR,7721293,INC,MALE,1,38,Post Graduate,401539,988,402527,44.05167215,1379122,EAST
Uttar Pradesh,BASTI,8662344,BJP,MALE,5,45,Post Graduate,469214,1948,471162,44.65139817,1845223,NORTH
Punjab,BATHINDA,2179919870,SAD,FEMALE,0,52,High School,490811,2013,492824,40.98011547,1621671,NORTH
Maharashtra,BEED,167477926,BJP,FEMALE,1,36,Post Graduate,675841,2334,678175,50.1074298,2045405,WEST
Bihar,BEGUSARAI,83024577,BJP,MALE,6,66,Graduate,687577,4616,692193,56.43630713,1958382,EAST
Karnataka,BELGAUM,366164525,BJP,MALE,0,63,Graduate Professional,756986,5005,761991,63.12355961,1779350,SOUTH
Karnataka,BELLARY,40107878,BJP,MALE,0,67,Middle School,614274,2114,616388,50.4415357,1751734,SOUTH
Odisha,BERHAMPUR,11716989,BJD,MALE,0,68,High School,443145,698,443843,44.82868677,1502455,EAST
Madhya Pradesh,BETUL,15413532,BJP,MALE,0,55,Post Graduate,810237,1011,811248,59.72366189,1737437,WEST
Uttar Pradesh,BHADOHI,94089148,BJP,MALE,6,44,High School,508989,1040,510029,49.04771109,1942514,NORTH
Odisha,BHADRAK,39417891,BJD,FEMALE,0,42,Graduate,511772,1273,513045,41.77734385,1661661,EAST
Bihar,BHAGALPUR,6801126,JD(U),MALE,0,41,Middle School,616724,1530,618254,59.26616832,1823820,EAST
Maharashtra,BHANDARA - GONDIYA,627543615,BJP,MALE,2,50,Illiterate,646152,4091,650243,52.16370394,1811556,WEST
Rajasthan,BHARATPUR,3117190,BJP,FEMALE,0,39,Middle School,701293,6699,707992,61.61965794,1943794,WEST
Gujarat,BHARUCH,6835957,BJP,MALE,0,61,Post Graduate,635374,2421,637795,55.42871992,1564519,WEST
Gujarat,BHAVNAGAR,17753161,BJP,FEMALE,0,55,Graduate Professional,655272,6001,661273,63.32564674,1768297,WEST
Rajasthan,BHILWARA,232703276,BJP,MALE,0,62,Graduate,936065,2095,938160,71.5600403,1997328,WEST
Madhya Pradesh,BHIND,51108660,BJP,FEMALE,0,45,Post Graduate,522990,4704,527694,54.81299281,1765334,WEST
Maharashtra,BHIWANDI,418850781,BJP,MALE,0,58,Graduate,522032,1551,523583,52.06646745,1890100,WEST
Haryana,BHIWANI-MAHENDRAGARH,60642205,BJP,MALE,0,64,Graduate,725725,10974,736699,63.18682638,1654317,NORTH
Telangana,BHONGIR,162543845,INC,MALE,14,55,High School,532031,764,532795,43.93181929,1628033,SOUTH
Madhya Pradesh,BHOPAL,444224,BJP,FEMALE,1,49,Post Graduate,865212,1270,866482,61.51068846,2142861,WEST
Odisha,BHUBANESWAR,31677600,BJP,FEMALE,0,49,Graduate,485793,1198,486991,48.42674797,1699678,EAST
Karnataka,BIDAR,51836416,BJP,MALE,1,50,Graduate Professional,583833,1638,585471,52.35576859,1775095,SOUTH
Karnataka,BIJAPUR,504122985,BJP,MALE,0,66,Graduate,633868,1999,635867,57.15694391,1797587,SOUTH
Uttar Pradesh,BIJNOR,2499628021,BSP,MALE,7,53,Graduate,559824,1221,561045,50.91309532,1664125,NORTH
Rajasthan,BIKANER,23524459,BJP,MALE,0,65,Post Graduate,655427,2316,657743,59.76765107,1851628,WEST
Chhattisgarh,BILASPUR,13544588,BJP,MALE,0,51,Graduate Professional,633268,1291,634559,52.43158294,1876953,EAST
West Bengal,BIRBHUM,48652722,AITC,FEMALE,0,49,Graduate,653426,651,654077,45.10539905,1699219,EAST
West Bengal,BISHNUPUR,8656777,BJP,MALE,6,38,High School,654904,2115,657019,46.23016892,1627199,EAST
Odisha,BOLANGIR,379590851,BJP,FEMALE,0,57,Graduate,496237,1849,498086,38.11657065,1744446,EAST
West Bengal,BOLPUR,1310691,AITC,MALE,0,63,High School,698441,730,699171,47.82523638,1705073,EAST
Uttar Pradesh,BULANDSHAHR,18728861,BJP,MALE,1,42,Graduate,677196,4125,681321,60.56186667,1787925,NORTH
Maharashtra,BULDHANA,116272966,SHS,MALE,3,58,High School,520537,1440,521977,46.557243400000004,1762918,WEST
Bihar,BUXAR,40183612,BJP,MALE,3,66,Graduate,468690,4363,473053,47.93021413,1829373,EAST
Kerala,CHALAKUDY,20461931,INC,MALE,4,66,Graduate,472935,509,473444,47.80171905,1230197,SOUTH
Karnataka,CHAMARAJANAGAR,143804441,BJP,MALE,0,71,Post Graduate,567010,1527,568537,44.7411517,1686333,SOUTH
Uttar Pradesh,CHANDAULI,33359734,BJP,MALE,0,62,Doctorate,508113,2620,510733,47.02046506,1756837,NORTH
Chandigarh,CHANDIGARH,474983574,BJP,FEMALE,0,66,Post Graduate,230967,221,231188,50.62839849,646729,NORTH
NCT OF Delhi,CHANDNI CHOWK,30171897,BJP,MALE,0,64,Post Graduate,517939,1116,519055,52.92083922,1562283,NORTH
Maharashtra,CHANDRAPUR,137455342,INC,MALE,5,43,High School,557550,1957,559507,45.14024362,1910188,WEST
Jharkhand,CHATRA,226209137,BJP,MALE,0,55,Post Graduate,526205,1872,528077,57.03046365,1425218,EAST
Tamil Nadu,CHENNAI CENTRAL,116790616,DMK,MALE,1,52,Graduate,447150,1761,448911,57.13102142,1332300,SOUTH
Tamil Nadu,CHENNAI NORTH,405294714,DMK,MALE,0,49,Post Graduate,589034,1952,590986,61.82308137,1487681,SOUTH
Tamil Nadu,CHENNAI SOUTH,91793460,DMK,FEMALE,0,56,Doctorate,563240,1632,564872,50.15106438,1973533,SOUTH
Telangana,CHEVELLA,1634695131,TRS,MALE,0,54,Post Graduate,527878,270,528148,40.5956043,2443112,SOUTH
Madhya Pradesh,CHHINDWARA,6601946757,INC,MALE,0,44,Graduate,586551,754,587305,47.04167795,1514783,WEST
Gujarat,CHHOTA UDAIPUR,8634660,BJP,FEMALE,0,47,High School,761472,2973,764445,61.89562408,1671253,WEST
Tamil Nadu,CHIDAMBARAM,9244092,VCK,MALE,3,56,Doctorate,498401,1828,500229,43.33774887,1480222,SOUTH
Karnataka,CHIKKBALLAPUR,1153501141,BJP,MALE,0,76,Graduate Professional,744475,1437,745912,53.74056097,1808780,SOUTH
Karnataka,CHIKKODI,344922831,BJP,MALE,0,55,High School,641232,3785,645017,52.89266025,1612556,SOUTH
Karnataka,CHITRADURGA,96197642,BJP,MALE,0,62,Graduate,624200,1995,626195,50.23601972,1760633,SOUTH
Andhra Pradesh,CHITTOOR,17355862,YSRCP,MALE,0,68,Post Graduate,681325,5467,686792,52.04408795,1566499,SOUTH
Rajasthan,CHITTORGARH,19725115,BJP,MALE,0,43,Graduate,979946,2996,982942,67.35865839,2015911,WEST
Rajasthan,CHURU,36723865,BJP,MALE,0,42,Graduate,786573,6426,792999,59.59387437,2019104,WEST
Tamil Nadu,COIMBATORE,20284430,CPI(M),MALE,1,68,High School,567741,3409,571150,45.65806692,1958904,SOUTH
West Bengal,COOCH BEHAR,9629810,BJP,MALE,11,33,Middle School,728634,2960,731594,47.9593509,1814200,EAST
Tamil Nadu,CUDDALORE,423378552,DMK,MALE,0,48,Graduate Professional,519594,2566,522160,50.04504591,1364038,SOUTH
Odisha,CUTTACK,106894976,BJD,MALE,0,62,Post Graduate,524117,475,524592,49.46839057,1518996,EAST
Dadra & Nagar Haveli,DADRA AND NAGAR HAVELI,708885980,IND,MALE,0,56,Graduate,90399,22,90421,45.44134202,250029,OTHERS
Gujarat,DAHOD,27070480,BJP,MALE,0,52,Graduate Professional,558977,2783,561760,52.77759771,1598939,WEST
Karnataka,DAKSHINA KANNADA,14678300,BJP,MALE,4,52,High School,772754,1531,774285,57.5528098,1724976,SOUTH
Daman & Diu,DAMAN & DIU,213993750,BJP,MALE,0,63,Middle School,37586,11,37597,42.98126279,121740,OTHERS
Madhya Pradesh,DAMOH,43292483,BJP,MALE,0,59,Graduate Professional,704221,303,704524,60.50506482,1768777,WEST
Bihar,DARBHANGA,19301808,BJP,MALE,0,49,Post Graduate,585013,1655,586668,60.76249858,1654811,EAST
West Bengal,DARJEELING,151106062,BJP,MALE,0,33,Graduate,744657,5410,750067,59.07593021,1611317,EAST
Rajasthan,DAUSA,143742564,BJP,FEMALE,0,71,Post Graduate,545481,3252,548733,51.56886995,1730289,WEST
Karnataka,DAVANAGERE,380164932,BJP,MALE,0,67,High School,651353,1643,652996,54.63373005,1633064,SOUTH
Uttar Pradesh,DEORIA,29451678,BJP,MALE,1,69,Graduate Professional,577617,3027,580644,57.17273404,1754195,NORTH
Madhya Pradesh,DEWAS,3812464,BJP,MALE,0,35,Graduate Professional,860708,1721,862429,61.61545078,1760503,WEST
Jharkhand,DHANBAD,27286918,BJP,MALE,0,69,Graduate,824704,2530,827234,66.00631151,2072634,EAST
Madhya Pradesh,DHAR,23198238,BJP,MALE,1,65,Post Graduate,721025,1122,722147,53.72422023,1786151,WEST
Tamil Nadu,DHARMAPURI,48477451,DMK,MALE,1,41,Post Graduate,568310,6678,574988,46.95830424,1485804,SOUTH
Karnataka,DHARWAD,111384447,BJP,MALE,1,56,Graduate,682557,2280,684837,56.4052027,1727311,SOUTH
Uttar Pradesh,DHAURAHRA,24735488,BJP,FEMALE,3,45,High School,512582,323,512905,48.20748661,1644674,NORTH
Odisha,DHENKANAL,14529286,BJD,MALE,1,58,High School,521954,930,522884,46.14172269,1504403,EAST
Assam,DHUBRI,788064044,AIUDF,MALE,7,63,Post Graduate,718131,633,718764,42.65514896,1858566,NORTH EAST
Maharashtra,DHULE,158651112,BJP,MALE,2,66,Post Graduate,610268,3265,613533,56.36095898,1908173,WEST
West Bengal,DIAMOND HARBOUR,13794320,AITC,MALE,0,31,Graduate,790725,402,791127,56.13325926,1719190,EAST
Assam,DIBRUGARH,4370067,BJP,MALE,0,48,High School,657983,1600,659583,64.9200978,1314319,NORTH EAST
Tamil Nadu,DINDIGUL,148076407,DMK,MALE,0,52,Illiterate,743813,2710,746523,64.30382167,1541881,SOUTH
Maharashtra,DINDORI,122885349,BJP,FEMALE,0,40,Graduate Professional,565452,2018,567470,49.83481192,1732936,WEST
Uttar Pradesh,DOMARIYAGANJ,103366710,BJP,MALE,3,68,Post Graduate,492145,108,492253,49.958186600000005,1885433,NORTH
West Bengal,DUM DUM,42518790,AITC,MALE,1,71,Post Graduate,511707,355,512062,42.50553045,1566196,EAST
Jharkhand,DUMKA,4737559,BJP,MALE,0,39,High School,483748,1175,484923,47.26432556,1397253,EAST
Chhattisgarh,DURG,34429027,BJP,MALE,0,59,Graduate,847445,1929,849374,60.98674607,1940269,EAST
NCT OF Delhi,EAST DELHI,1471587789,BJP,MALE,1,37,High School,695109,1047,696156,55.32973824,2039302,NORTH
Andhra Pradesh,ELURU,462808829,YSRCP,MALE,0,46,Graduate,672834,3975,676809,50.80347693,1594950,SOUTH
Kerala,ERNAKULAM,7908467,INC,MALE,7,35,Graduate,490854,409,491263,50.78231117,1245972,SOUTH
Tamil Nadu,ERODE,43110000,DMK,MALE,0,72,Graduate,558929,4662,563591,52.72118039,1462246,SOUTH
Uttar Pradesh,ETAH,383629735,BJP,MALE,0,58,Graduate Professional,544267,1081,545348,54.51561051,1621295,NORTH
Uttar Pradesh,FAIZABAD,31884642,BJP,MALE,1,64,Post Graduate,528113,908,529021,48.64918799,1821785,NORTH
Haryana,FARIDABAD,369652786,BJP,MALE,0,62,Graduate Professional,910787,2435,913222,68.76014116,2071816,NORTH
Punjab,FARIDKOT,19793884,INC,MALE,0,78,Middle School,417936,1129,419065,42.97036018,1541971,NORTH
Uttar Pradesh,FARRUKHABAD,74964501,BJP,MALE,0,50,Graduate,567930,1950,569880,56.80389856,1708585,NORTH
Punjab,FATEHGARH SAHIB,32808836,INC,MALE,0,65,Post Graduate,410723,928,411651,41.70049262,1502861,NORTH
Uttar Pradesh,FATEHPUR,10667372,BJP,FEMALE,0,52,High School,563715,2325,566040,54.1930073,1839312,NORTH
Uttar Pradesh,FATEHPUR SIKRI,14854247,BJP,MALE,3,52,Graduate,662794,4353,667147,64.24388036,1718837,NORTH
Uttar Pradesh,FIROZABAD,42872395,BJP,MALE,0,68,Graduate Professional,494050,1769,495819,46.0552642,1790510,NORTH
Punjab,FIROZPUR,2179919870,SAD,MALE,4,56,Post Graduate,631100,2327,633427,54.00975954,1618419,NORTH
Maharashtra,GADCHIROLI-CHIMUR,50136369,BJP,MALE,0,55,High School,517722,2246,519968,45.46231904,1581366,WEST
Gujarat,GANDHINAGAR,403275307,BJP,MALE,4,54,High School,889925,4699,894624,69.5758213,1945772,WEST
Rajasthan,GANGANAGAR,21014362,BJP,MALE,0,48,Graduate,892744,4433,897177,61.74291249,1943486,WEST
Uttarakhand,GARHWAL,15032657,BJP,MALE,0,55,Post Graduate,487613,19367,506980,67.77608145,1355796,NORTH
Assam,GAUHATI,630219570,BJP,FEMALE,0,67,Graduate,1007156,1780,1008936,57.19753961,2181319,NORTH EAST
Uttar Pradesh,GAUTAM BUDDHA NAGAR,478759568,BJP,MALE,0,59,Graduate Professional,828164,2648,830812,59.63588754,2302960,NORTH
Bihar,GAYA,12766141,JD(U),MALE,3,55,High School,465748,1259,467007,48.76573376,1704596,EAST
West Bengal,GHATAL,317320579,AITC,MALE,0,36,Illiterate,717407,552,717959,48.20658574,1800002,EAST
Uttar Pradesh,GHAZIABAD,56545702,BJP,MALE,2,67,Doctorate,942576,1927,944503,61.93068375,2728978,NORTH
Uttar Pradesh,GHAZIPUR,137938756,BSP,MALE,5,65,Post Graduate,564144,1938,566082,51.11363733,1881077,NORTH
Uttar Pradesh,GHOSI,66536025,BSP,MALE,13,36,Graduate,572459,1370,573829,50.27061359,1991651,NORTH
Jharkhand,GIRIDIH,13456889,AJSUP,MALE,2,50,Graduate,646864,1413,648277,58.55335653,1649413,EAST
Jharkhand,GODDA,462757500,BJP,MALE,4,47,Doctorate,635383,2227,637610,53.385836399999995,1716766,EAST
Uttar Pradesh,GONDA,232735285,BJP,MALE,0,53,Post Graduate,507276,914,508190,54.99159744,1770248,NORTH
Bihar,GOPALGANJ,32739903,JD(U),MALE,0,61,Post Graduate,562424,5726,568150,55.3722214,1839514,EAST
Uttar Pradesh,GORAKHPUR,208494688,BJP,MALE,0,51,High School,715010,2112,717122,60.52045488,1981197,NORTH
Karnataka,GULBARGA,37490597,BJP,MALE,0,60,Post Graduate,617692,2500,620192,52.09635514,1945765,SOUTH
Madhya Pradesh,GUNA,16266408,BJP,MALE,0,43,Graduate Professional,610855,3194,614049,52.09513475,1675724,WEST
Andhra Pradesh,GUNTUR,3051485242,TDP,MALE,0,53,Graduate,586292,1626,587918,43.50027783,1706119,SOUTH
Punjab,GURDASPUR,871925679,BJP,MALE,0,59,Illiterate,551177,7542,558719,50.58358819,1595284,NORTH
Haryana,GURGAON,420970754,BJP,MALE,0,69,Graduate Professional,877241,4305,881546,60.87600243,2150728,NORTH
Madhya Pradesh,GWALIOR,58911673,BJP,MALE,0,71,Graduate Professional,624801,2449,627250,52.40674148,2000744,WEST
Bihar,HAJIPUR,62834200,LJP,MALE,1,66,Graduate Professional,539665,1645,541310,53.71844236,1823664,EAST
Himachal Pradesh,HAMIRPUR,56770463,BJP,MALE,3,44,Graduate,668812,13880,682692,68.81372299,1362269,NORTH
Uttar Pradesh,HAMIRPUR,56770463,BJP,MALE,4,45,Post Graduate,574101,1021,575122,52.76208248,1749100,NORTH
Uttar Pradesh,HARDOI,234032624,BJP,MALE,0,61,Graduate,567244,899,568143,53.70748322,1807119,NORTH
Uttarakhand,HARDWAR,28739888,BJP,MALE,0,59,Doctorate,661050,4624,665674,52.27561326,1840738,NORTH
Karnataka,HASSAN,97848632,JD(S),MALE,0,28,Graduate Professional,675512,1094,676606,52.91552908,1652999,SOUTH
Uttar Pradesh,HATHRAS,14930000,BJP,MALE,0,61,High School,679799,4500,684299,59.42876051,1864320,NORTH
Maharashtra,HATKANANGLE,47771462,SHS,MALE,0,38,Graduate,582776,3000,585776,46.70094307,1776555,WEST
Karnataka,HAVERI,718499195,BJP,MALE,0,52,High School,681147,2513,683660,53.92116654,1708510,SOUTH
Jharkhand,HAZARIBAGH,770749002,BJP,MALE,0,55,Post Graduate,727359,1439,728798,67.39505559,1667465,EAST
Andhra Pradesh,HINDUPUR,1787356,YSRCP,MALE,2,50,Graduate,699739,6863,706602,52.73043006,1578218,SOUTH
Maharashtra,HINGOLI,18594458,SHS,MALE,0,48,Graduate,583392,2920,586312,50.59792003,1733729,WEST
Haryana,HISAR,146408734,BJP,MALE,0,46,Post Graduate,599951,3338,603289,51.04494711,1631817,NORTH
West Bengal,HOOGHLY,35655698,BJP,FEMALE,14,45,Graduate,670031,1417,671448,46.03265795,1766601,EAST
Madhya Pradesh,HOSHANGABAD,154783105,BJP,MALE,1,54,Graduate,876911,1016,877927,69.32987655,1706141,WEST
Punjab,HOSHIARPUR,29404519,BJP,MALE,0,70,Post Graduate,416711,4609,421320,42.48612183,1597500,NORTH
West Bengal,HOWRAH,13216066,AITC,MALE,1,64,Graduate,576499,212,576711,47.16669884,1633925,EAST
Telangana,HYDERABAD,179044376,AIMIM,MALE,5,49,Graduate Professional,517239,232,517471,58.94143228,1957931,SOUTH
Kerala,IDUKKI,13395011,INC,MALE,204,37,Post Graduate,497697,796,498493,54.21000719,1204191,SOUTH
Madhya Pradesh,INDORE,59038508,BJP,MALE,2,57,Graduate Professional,1066824,1745,1068569,65.57267296,2350580,WEST
Manipur,INNER MANIPUR,19616174,BJP,MALE,0,67,Doctorate,261802,1830,263632,34.66762048,937464,NORTH EAST
Madhya Pradesh,JABALPUR,43134351,BJP,MALE,1,56,Graduate,825674,780,826454,65.38091546,1819893,WEST
West Bengal,JADAVPUR,24398786,AITC,FEMALE,0,30,Graduate,687773,699,688472,47.90093531,1816857,EAST
Odisha,JAGATSINGHPUR,40023972,BJD,FEMALE,0,54,Graduate Professional,618955,1030,619985,50.41237507,1643595,EAST
Bihar,JAHANABAD,139271693,JD(U),MALE,3,68,High School,333191,2393,335584,40.81373528,1588454,EAST
Rajasthan,JAIPUR,165322707,BJP,MALE,0,61,High School,918472,5593,924065,63.44395423,2127021,WEST
Rajasthan,JAIPUR RURAL,127808070,BJP,MALE,0,49,Graduate,811626,8506,820132,64.08948578,1952542,WEST
Odisha,JAJPUR,15837082,BJD,FEMALE,0,45,Post Graduate,542476,1544,544020,49.77469544,1475007,EAST
Punjab,JALANDHAR,99925185,INC,MALE,0,72,Graduate Professional,385449,263,385712,37.83704776,1617018,NORTH
Uttar Pradesh,JALAUN,10699516,BJP,MALE,1,60,Post Graduate,579723,2040,581763,51.44948556,1933358,NORTH
Maharashtra,JALGAON,12324604,BJP,MALE,1,40,Graduate Professional,709510,4364,713874,65.35590005,1931400,WEST
Rajasthan,JALORE,88332292,BJP,MALE,0,42,High School,772383,450,772833,56.75805489,2071244,WEST
West Bengal,JALPAIGURI,11625047,BJP,MALE,0,51,Graduate Professional,757806,2339,760145,50.62978768,1735464,EAST
Jammu & Kashmir,JAMMU,56481801,BJP,MALE,0,56,High School,840214,17852,858066,57.80608426,2047302,NORTH
Gujarat,JAMNAGAR,427331034,BJP,FEMALE,0,44,Graduate,587501,4087,591588,58.48915763,1657166,WEST
Jharkhand,JAMSHEDPUR,27750671,BJP,MALE,3,56,High School,678984,648,679632,59.3862256,1703279,EAST
Bihar,JAMUI,18466066,LJP,MALE,1,37,Graduate Professional,527860,1274,529134,55.72406617,1718814,EAST
West Bengal,JANGIPUR,368306705,AITC,MALE,0,58,Graduate,562518,320,562838,43.14161344,1616213,EAST
Chhattisgarh,JANJGIR-CHAMPA,18400837,BJP,MALE,0,52,Graduate Professional,570486,2304,572790,45.87920934,1897134,EAST
Uttar Pradesh,JAUNPUR,140717620,BSP,MALE,0,65,Post Graduate,520046,1082,521128,50.02030076,1867976,NORTH
West Bengal,JAYNAGAR,27471675,AITC,FEMALE,0,53,Post Graduate,760934,268,761202,56.11986558,1648355,EAST
Rajasthan,JHALAWAR-BARAN,370432373,BJP,MALE,0,48,Post Graduate,887017,383,887400,64.77291888,1903870,WEST
Bihar,JHANJHARPUR,88119686,JD(U),MALE,1,63,High School,601597,794,602391,56.70144043,1852417,EAST
Uttar Pradesh,JHANSI,1243060113,BJP,MALE,0,54,Post Graduate,808371,901,809272,58.59491865,2040739,NORTH
West Bengal,JHARGRAM,10387498,BJP,MALE,0,56,Graduate Professional,623373,3210,626583,44.52595203,1641868,EAST
Rajasthan,JHUNJHUNU,47474109,BJP,MALE,1,58,Graduate,722994,15169,738163,61.32439757,1937882,WEST
Rajasthan,JODHPUR,138029511,BJP,MALE,1,51,Post Graduate,781166,7722,788888,58.52575759,1956755,WEST
Assam,JORHAT,12597461,BJP,MALE,0,50,Post Graduate,540942,2346,543288,51.31070437,1365035,NORTH EAST
Gujarat,JUNAGADH,10866041,BJP,MALE,1,36,High School,543429,4315,547744,54.38003598,1642864,WEST
Gujarat,KACHCHH,33508455,BJP,MALE,0,40,Post Graduate,631753,5281,637034,62.20111858,1744321,WEST
Andhra Pradesh,KADAPA,186969794,YSRCP,MALE,4,34,Post Graduate,777967,5532,783499,63.41312795,1570330,SOUTH
Uttar Pradesh,KAIRANA,17292937,BJP,MALE,5,48,Post Graduate,564380,2581,566961,50.43181319,1666703,NORTH
Uttar Pradesh,KAISERGANJ,98905402,BJP,MALE,4,62,Graduate Professional,580226,1132,581358,59.1819595,1805946,NORTH
Andhra Pradesh,KAKINADA,202528594,YSRCP,FEMALE,0,55,Post Graduate,534655,2975,537630,43.46894521,1563930,SOUTH
Odisha,KALAHANDI,9547000,BJP,MALE,3,58,High School,429710,3364,433074,35.18269535,1611056,EAST
Assam,KALIABOR,13727834,INC,MALE,0,36,Post Graduate,785014,1078,786092,55.17228794,1734938,NORTH EAST
Tamil Nadu,KALLAKURICHI,471186830,DMK,MALE,1,44,Post Graduate,716961,4752,721713,59.89642595,1528938,SOUTH
Maharashtra,KALYAN,19616515,SHS,MALE,1,32,Post Graduate,558023,1700,559723,62.84136379,1965676,WEST
Tamil Nadu,KANCHEEPURAM,48172936,DMK,MALE,0,44,Post Graduate,680087,3917,684004,55.24367649,1643992,SOUTH
Odisha,KANDHAMAL,1244722,BJD,MALE,0,55,Doctorate,461154,525,461679,49.00837649,1288666,EAST
Himachal Pradesh,KANGRA,85841247,BJP,MALE,2,67,High School,712133,13085,725218,71.83534148,1427338,NORTH
Chhattisgarh,KANKER,28675553,BJP,MALE,0,61,Post Graduate,543376,2857,546233,47.07918945,1558952,EAST
Uttar Pradesh,KANNAUJ,54287991,BJP,MALE,11,39,Graduate,561286,1801,563087,49.35095553,1874824,NORTH
Tamil Nadu,KANNIYAKUMARI,4174930444,INC,MALE,0,68,Post Graduate,624627,2608,627235,59.76928362,1501250,SOUTH
Kerala,KANNUR,29699206,INC,MALE,3,70,Post Graduate,527685,2056,529741,50.22450903,1266550,SOUTH
Uttar Pradesh,KANPUR,132382819,BJP,MALE,0,71,Post Graduate,466442,2495,468937,55.59953001,1632983,NORTH
West Bengal,KANTHI,33979650,AITC,MALE,3,77,High School,711233,639,711872,49.95712178,1660147,EAST
Bihar,KARAKAT,43442051,JD(U),MALE,3,64,Middle School,396282,2126,398408,45.81793258,1771254,EAST
Rajasthan,KARAULI-DHOLPUR,64867148,BJP,MALE,0,49,Post Graduate,523801,2642,526443,52.69014042,1810574,WEST
Assam,KARIMGANJ,1871040,BJP,MALE,0,46,Graduate,471946,1100,473046,44.57819744,1340173,NORTH EAST
Telangana,KARIMNAGAR,2270000,BJP,MALE,6,47,Post Graduate,497462,814,498276,43.39623463,1651543,SOUTH
Haryana,KARNAL,2256739,BJP,MALE,0,51,Graduate,909432,2162,911594,70.04319717,1904193,NORTH
Tamil Nadu,KARUR,6046055,INC,FEMALE,0,43,Post Graduate,691518,4179,695697,63.03630243,1387286,SOUTH
Kerala,KASARAGOD,21570257,INC,MALE,1,65,Graduate,473983,978,474961,43.17438703,1363937,SOUTH
Bihar,KATIHAR,13302734,JD(U),MALE,1,51,Graduate,558984,439,559423,50.02490412,1653353,EAST
Uttar Pradesh,KAUSHAMBI,59336113,BJP,MALE,4,49,Graduate,381517,1492,383009,39.28148368,1787120,NORTH
Odisha,KENDRAPARA,22309172,BJD,MALE,0,37,Graduate,629349,830,630179,50.88457489,1710916,EAST
Punjab,KHADOOR SAHIB,81393500,INC,MALE,0,48,Illiterate,457990,1720,459710,43.85918046,1638842,NORTH
Bihar,KHAGARIA,109788313,LJP,MALE,1,52,Graduate,509138,1055,510193,52.73797796,1676454,EAST
Madhya Pradesh,KHAJURAHO,10589334,BJP,MALE,0,49,Post Graduate,810410,725,811135,64.46194756,1842095,WEST
Telangana,KHAMMAM,1074671341,TRS,MALE,5,62,High School,566621,838,567459,49.7837431,1513809,SOUTH
Madhya Pradesh,KHANDWA,19076515,BJP,MALE,0,66,Post Graduate,837969,940,838909,57.14031751,1909055,WEST
Madhya Pradesh,KHARGONE,67303990,BJP,MALE,0,43,Graduate Professional,772221,1329,773550,54.1700922,1834385,WEST
Gujarat,KHEDA,13023202,BJP,MALE,0,54,Illiterate,711757,2815,714572,64.89189255,1804028,WEST
Uttar Pradesh,KHERI,45295455,BJP,MALE,1,60,Graduate Professional,609285,304,609589,53.62456148,1770699,NORTH
Jharkhand,KHUNTI,91507865,BJP,MALE,0,50,High School,381566,1072,382638,45.944089700000006,1202664,EAST
Bihar,KISHANGANJ,90973803,INC,MALE,1,54,Graduate Professional,366820,197,367017,33.31502756,1659651,EAST
Jharkhand,KODARMA,97636939,BJP,FEMALE,0,50,Post Graduate,751996,1020,753016,62.25016761,1814125,EAST
Assam,KOKRAJHAR,13013994,IND,MALE,5,50,High School,482556,2004,484560,32.74620475,1776358,NORTH EAST
Karnataka,KOLAR,174557500,BJP,MALE,2,44,High School,707930,1235,709165,56.32348047,1629961,SOUTH
Maharashtra,KOLHAPUR,95171892,SHS,MALE,0,54,Post Graduate,745675,3410,749085,56.21634156,1880496,WEST
West Bengal,KOLKATA DAKSHIN,10308401,AITC,FEMALE,3,61,Graduate,572188,931,573119,47.47994327,1728851,EAST
West Bengal,KOLKATA UTTAR,61176355,AITC,MALE,2,70,Graduate Professional,474490,401,474891,49.95492506,1444082,EAST
Kerala,KOLLAM,17500650,RSP,MALE,5,58,Graduate Professional,497264,2413,499677,51.56534921,1296720,SOUTH
Karnataka,KOPPAL,28725791,BJP,MALE,1,64,High School,584997,1786,586783,49.28352876,1736693,SOUTH
Odisha,KORAPUT,37587560,INC,MALE,0,40,Graduate Professional,370434,695,371129,34.34252301,1434384,EAST
Chhattisgarh,KORBA,150639697,INC,FEMALE,0,65,Post Graduate,522671,639,523310,46.00838914,1508840,EAST
Rajasthan,KOTA,48347737,BJP,MALE,1,56,Post Graduate,796071,3980,800051,58.48633846,1948010,WEST
Kerala,KOTTAYAM,26027478,KEC(M),MALE,0,66,Graduate Professional,420294,752,421046,46.23586721,1206698,SOUTH
Kerala,KOZHIKODE,12502009,INC,MALE,1,66,Graduate,491835,1609,493444,45.82154776,1318024,SOUTH
Tamil Nadu,KRISHNAGIRI,121087979,INC,MALE,5,58,Post Graduate,609396,1902,611298,52.59504437,1530404,SOUTH
West Bengal,KRISHNANAGAR,26495250,AITC,FEMALE,0,44,Graduate,613652,1220,614872,44.992796000000006,1631698,EAST
Andhra Pradesh,KURNOOL,325914387,YSRCP,MALE,0,52,Post Graduate,603098,2364,605462,50.85044412,1573009,SOUTH
Haryana,KURUKSHETRA,35785621,BJP,MALE,0,49,Graduate Professional,686588,2041,688629,55.93312026,1657335,NORTH
Uttar Pradesh,KUSHI NAGAR,21860780,BJP,MALE,2,50,High School,595508,1531,597039,56.68222715,1761564,NORTH
Jammu & Kashmir,LADAKH,981904,BJP,MALE,1,33,Graduate,41315,1599,42914,33.69768355,179232,NORTH
Assam,LAKHIMPUR,14307978,BJP,MALE,0,53,High School,774017,2389,776406,60.47011176,1708013,NORTH EAST
Lakshadweep,LAKSHADWEEP,938641,NCP,MALE,2,43,Post Graduate,22796,55,22851,48.59226811,55189,OTHERS
Uttar Pradesh,LALGANJ,88451770,BSP,FEMALE,0,44,Graduate Professional,517545,1275,518820,53.98391782,1751980,NORTH
Maharashtra,LATUR,286478302,BJP,MALE,0,57,High School,657590,3905,661495,56.14983248,1886657,WEST
Jharkhand,LOHARDAGA,12947303,BJP,MALE,0,52,Graduate,369527,2068,371595,45.40688957,1234286,EAST
Uttar Pradesh,LUCKNOW,51492709,BJP,MALE,0,67,Post Graduate,627881,5145,633026,56.64003293,2040367,NORTH
Punjab,LUDHIANA,54281096,INC,MALE,3,43,High School,383284,511,383795,36.65576276,1683325,NORTH
Uttar Pradesh,MACHHLISHAHR,259027394,BJP,MALE,0,58,Graduate,487093,1304,488397,47.16943047,1848306,NORTH
Andhra Pradesh,MACHILIPATNAM,990575840,YSRCP,MALE,2,50,Post Graduate,567592,5258,572850,45.99165671,1473347,SOUTH
Maharashtra,MADHA,1275160578,BJP,MALE,2,42,High School,583191,3123,586314,48.14443478,1909574,WEST
Bihar,MADHEPURA,37420953,JD(U),MALE,1,67,Graduate Professional,623460,874,624334,54.40098566,1884883,EAST
Bihar,MADHUBANI,46699125,BJP,MALE,1,49,Doctorate,594811,1032,595843,61.76420588,1792798,EAST
Tamil Nadu,MADURAI,1811456,CPI(M),MALE,0,49,High School,444152,2923,447075,43.95490413,1539026,SOUTH
Telangana,MAHABUBABAD,19731269,TRS,FEMALE,1,39,Graduate,461824,285,462109,46.97628461,1424385,SOUTH
Uttar Pradesh,MAHARAJGANJ,10451986,BJP,MALE,5,54,High School,725557,792,726349,59.18634251,1915408,NORTH
Bihar,MAHARAJGANJ,10451986,BJP,MALE,5,55,Graduate,543523,2829,546352,56.1519195,1807768,EAST
Chhattisgarh,MAHASAMUND,17591683,BJP,MALE,0,51,Graduate,614924,1656,616580,50.42497876,1637951,EAST
Telangana,MAHBUBNAGAR,63353123,TRS,MALE,0,60,High School,411241,161,411402,41.77658268,1506102,SOUTH
Gujarat,MAHESANA,440308300,BJP,FEMALE,0,71,High School,656686,2839,659525,60.80381533,1648869,WEST
Uttar Pradesh,MAINPURI,205604593,SP,MALE,1,79,Post Graduate,523145,1781,524926,53.65909507,1723236,NORTH
Kerala,MALAPPURAM,52932535,IUML,MALE,2,67,Graduate,589153,720,589873,57.00363066,1370544,SOUTH
West Bengal,MALDAHA DAKSHIN,270959520,INC,MALE,0,72,Doctorate,443540,730,444270,34.70921743,1575590,EAST
West Bengal,MALDAHA UTTAR,10232439,BJP,MALE,4,59,Graduate,507798,1726,509524,37.5930652,1685955,EAST
Telangana,MALKAJGIRI,245357182,INC,MALE,42,51,Graduate,602907,841,603748,38.61155274,3150313,SOUTH
Himachal Pradesh,MANDI,15724337,BJP,MALE,0,60,High School,638441,8748,647189,68.62008932,1281462,NORTH
Madhya Pradesh,MANDLA,26702373,BJP,MALE,0,59,Post Graduate,735365,1901,737266,48.57045544,1951267,WEST
Madhya Pradesh,MANDSOUR,90908944,BJP,MALE,1,59,Post Graduate,845944,1842,847786,61.81293223,1760875,WEST
Karnataka,MANDYA,234154139,IND,FEMALE,0,55,High School,702167,1493,703660,51.00382569,1712004,SOUTH
Assam,MANGALDOI,6206286,BJP,MALE,0,45,Graduate,732740,2729,735469,48.8223396,1800237,NORTH EAST
Uttar Pradesh,MATHURA,2508270292,BJP,FEMALE,0,70,Doctorate,667342,3951,671293,60.78763045,1807893,NORTH
West Bengal,MATHURAPUR,10667304,AITC,MALE,0,80,Post Graduate,726463,365,726828,51.84152283,1652096,EAST
Maharashtra,MAVAL,1023310134,SHS,MALE,3,55,Middle School,718950,1713,720663,52.62403465,2298080,WEST
Kerala,MAVELIKKARA,12965129,INC,MALE,1,56,Post Graduate,437997,2418,440415,45.29340985,1308102,SOUTH
Tamil Nadu,MAYILADUTHURAI,13355095,DMK,MALE,0,74,Graduate,595845,3447,599292,54.59126601,1484842,SOUTH
Odisha,MAYURBHANJ,2742000,BJP,MALE,1,54,High School,480253,3559,483812,42.00876449,1493205,EAST
Telangana,MEDAK,1266581773,TRS,MALE,0,53,Graduate,595830,218,596048,51.81534706,1603318,SOUTH
West Bengal,MEDINIPUR,4536462,BJP,MALE,14,54,High School,683285,2148,685433,48.60120497,1674236,EAST
Uttar Pradesh,MEERUT,13489377,BJP,MALE,3,68,Post Graduate,582976,3208,586184,48.16868539,1892931,NORTH
Uttar Pradesh,MIRZAPUR,26900662,ADAL,FEMALE,2,37,Post Graduate,590867,697,591564,53.3392723,1845150,NORTH
Uttar Pradesh,MISRIKH,48771207,BJP,MALE,0,52,Post Graduate,533562,867,534429,52.01852865,1796932,NORTH
Mizoram,MIZORAM,131201374,MNF,MALE,0,62,Graduate,223509,777,224286,44.82609069,792464,NORTH EAST
Uttar Pradesh,MOHANLALGANJ,55530561,BJP,MALE,1,59,Graduate,627223,2776,629999,49.583576,2023431,NORTH
Uttar Pradesh,MORADABAD,55795546,SP,MALE,0,60,Post Graduate,648817,599,649416,50.64600531,1958939,NORTH
Madhya Pradesh,MORENA,23062224,BJP,MALE,1,61,Graduate,537856,3833,541689,47.56940602,1837723,WEST
Maharashtra,MUMBAI NORTH,157535232,BJP,MALE,9,65,Middle School,705555,1123,706678,71.38435617,1647350,WEST
Maharashtra,MUMBAI NORTH CENTRAL,22242513,BJP,FEMALE,2,38,Illiterate,485815,857,486672,53.96691273,1679891,WEST
Maharashtra,MUMBAI NORTH EAST,54661944,BJP,MALE,2,46,High School,513579,1020,514599,56.60028091,1588693,WEST
Maharashtra,MUMBAI NORTH WEST,105392000,SHS,MALE,0,75,Graduate,569018,1045,570063,60.52710093,1732263,WEST
Maharashtra,MUMBAI SOUTH,27181577,SHS,MALE,1,67,Graduate,420530,1407,421937,52.62378726,1554176,WEST
Maharashtra,MUMBAI SOUTH CENTRAL,18881363,SHS,MALE,0,47,Illiterate,423743,1170,424913,53.253716299999994,1440380,WEST
Bihar,MUNGER,88324866,JD(U),MALE,1,65,Graduate,525519,3243,528762,51.01708636,1888025,EAST
West Bengal,MURSHIDABAD,8926616,AITC,MALE,3,57,Middle School,604024,322,604346,41.55888631,1725187,EAST
Uttar Pradesh,MUZAFFARNAGAR,15781189,BJP,MALE,1,46,Doctorate,569535,4245,573780,49.38826312,1698003,NORTH
Bihar,MUZAFFARPUR,298867486,BJP,MALE,1,50,Graduate,664074,2804,666878,63.00175625,1730553,EAST
Karnataka,MYSORE,18723762,BJP,MALE,3,42,Post Graduate,685105,3869,688974,52.2701185,1896333,SOUTH
Odisha,NABARANGPUR,8100600,BJD,MALE,0,40,Graduate,392481,23,392504,33.78450611,1461004,EAST
Nagaland,NAGALAND,128117474,NDPP,MALE,0,62,Graduate,499683,827,500510,49.68151855,1213777,NORTH EAST
Tamil Nadu,NAGAPATTINAM,4572837,CPI(M),MALE,0,63,High School,519596,3296,522892,52.13696008,1303649,SOUTH
Telangana,NAGARKURNOOL,10778684,TRS,MALE,0,66,Graduate,499428,244,499672,50.47737483,1588111,SOUTH
Rajasthan,NAGAUR,4218568,RLTP,MALE,0,47,Graduate Professional,655496,4555,660051,54.78633734,1933169,WEST
Uttar Pradesh,NAGINA,28659644,BSP,MALE,1,55,High School,567195,1183,568378,56.287031400000004,1586117,NORTH
Maharashtra,NAGPUR,187916075,BJP,MALE,4,62,Graduate Professional,657624,2597,660221,55.61090451,2161096,WEST
Uttarakhand,NAINITAL-UDHAMSINGH NAGAR,19699529,BJP,MALE,0,57,Graduate Professional,765173,7022,772195,61.23623127,1828433,NORTH
Bihar,NALANDA,29251651,JD(U),MALE,0,60,High School,539183,1705,540888,52.41802778,2114809,EAST
Telangana,NALGONDA,31501349,INC,MALE,4,55,Graduate,525508,520,526028,44.73088069,1585980,SOUTH
Tamil Nadu,NAMAKKAL,485205173,DMK,MALE,0,54,Graduate,623370,2923,626293,55.22943886,1413599,SOUTH
Maharashtra,NANDED,52178606,BJP,MALE,0,57,High School,482148,4658,486806,43.100697499999995,1719322,WEST
Maharashtra,NANDURBAR,271634532,BJP,FEMALE,0,31,Post Graduate,637226,1910,639136,49.7557892,1871099,WEST
Andhra Pradesh,NANDYAL,585932911,YSRCP,MALE,1,60,Post Graduate,715024,5864,720888,55.46209565,1603220,SOUTH
Andhra Pradesh,NARASARAOPET,177710073,YSRCP,MALE,0,35,Graduate Professional,740509,5048,745557,51.74848619,1670391,SOUTH
Andhra Pradesh,NARSAPURAM,3259405378,YSRCP,MALE,3,57,Post Graduate,444376,4858,449234,38.09773381,1439691,SOUTH
Maharashtra,NASHIK,146869996,SHS,MALE,1,48,Illiterate,562034,1565,563599,50.22752145,1885064,WEST
Gujarat,NAVSARI,446044269,BJP,MALE,1,64,High School,969430,3309,972739,74.29821667,1971658,WEST
Bihar,NAWADA,176720167,LJP,MALE,2,36,Graduate,491956,3728,495684,52.47049035,1899747,EAST
Andhra Pradesh,NELLORE,2211663364,YSRCP,MALE,0,70,High School,677014,6816,683830,53.04457705,1672845,SOUTH
NCT OF Delhi,NEW DELHI,361441689,BJP,FEMALE,0,51,Graduate Professional,503157,1049,504206,54.77124424,1617470,NORTH
Tamil Nadu,NILGIRIS,49591024,DMK,MALE,6,55,Graduate Professional,545463,2369,547832,54.18451529,1366060,SOUTH
Telangana,NIZAMABAD,876930468,BJP,MALE,1,43,Post Graduate,479748,836,480584,45.20242066,1553385,SOUTH
NCT OF Delhi,NORTH EAST DELHI,242817031,BJP,MALE,3,47,Post Graduate,785262,2537,787799,53.85676598,2290492,NORTH
Goa,NORTH GOA,65795623,BJP,MALE,0,66,Graduate,244034,810,244844,57.07239526,556761,WEST
NCT OF Delhi,NORTH WEST DELHI,130937732,BJP,MALE,0,57,High School,847737,926,848663,60.48976968,2378995,NORTH
Assam,NOWGONG,74143272,INC,MALE,0,59,Post Graduate,738881,843,739724,49.52544951,1794648,NORTH EAST
Andhra Pradesh,ONGOLE,266583686,YSRCP,MALE,0,65,Graduate,729344,9858,739202,55.00002604,1556469,SOUTH
Maharashtra,OSMANABAD,50299295,SHS,MALE,4,35,High School,591605,5035,596640,49.52059706,1889740,WEST
Manipur,OUTER MANIPUR,13709352,NPF,MALE,0,59,Graduate Professional,362707,820,363527,42.27082716,1022099,NORTH EAST
Kerala,PALAKKAD,6356399,INC,MALE,7,49,Graduate,398714,560,399274,38.80688986,1323010,SOUTH
Jharkhand,PALAMU,32273873,BJP,MALE,0,68,Graduate,753240,2419,755659,62.42917783,1881441,EAST
Maharashtra,PALGHAR,87616920,SHS,MALE,0,51,Graduate,579989,490,580479,48.28484849,1885600,WEST
Rajasthan,PALI,385111923,BJP,MALE,0,65,Graduate Professional,890817,9332,900149,66.11377767,2161663,WEST
Gujarat,PANCHMAHAL,10260663,BJP,MALE,0,59,Graduate Professional,727301,4835,732136,67.43334825,1744762,WEST
Maharashtra,PARBHANI,41040011,SHS,MALE,6,52,High School,538214,727,538941,43.0088932,1985228,WEST
Bihar,PASCHIM CHAMPARAN,199404885,BJP,MALE,5,54,Post Graduate,600735,2971,603706,59.57391799,1633824,EAST
Bihar,PATALIPUTRA,29213467,BJP,MALE,0,58,Graduate,506557,3000,509557,47.23329153,1925479,EAST
Gujarat,PATAN,47373221,BJP,MALE,0,64,Graduate,629813,3555,633368,56.12889561,1807043,WEST
Kerala,PATHANAMTHITTA,6075876,INC,MALE,1,62,Graduate,380089,838,380927,37.07758975,1382741,SOUTH
Punjab,PATIALA,635973757,INC,FEMALE,0,74,Graduate,531178,849,532027,45.13113237,1739600,NORTH
Bihar,PATNA SAHIB,235275591,BJP,MALE,0,64,Post Graduate,604956,2550,607506,61.80505606,2146008,EAST
Telangana,PEDDAPALLE,16597300,TRS,MALE,0,42,Doctorate,441007,314,441321,45.48927244,1479091,SOUTH
Tamil Nadu,PERAMBALUR,972730368,DMK,MALE,2,77,Post Graduate,677005,6692,683697,61.97623192,1391853,SOUTH
Uttar Pradesh,PHULPUR,172707104,BJP,FEMALE,2,62,Post Graduate,542398,2303,544701,55.63413296,2010477,NORTH
Uttar Pradesh,PILIBHIT,603200539,BJP,MALE,0,39,Post Graduate,702755,1794,704549,59.34418497,1761207,NORTH
Tamil Nadu,POLLACHI,133109284,DMK,MALE,0,49,Graduate Professional,550905,3325,554230,51.22803839,1520504,SOUTH
Kerala,PONNANI,8103274,IUML,MALE,0,72,High School,521438,386,521824,51.29166888,1356803,SOUTH
Gujarat,PORBANDAR,357564783,BJP,MALE,0,57,High School,560011,3870,563881,59.286809999999996,1662368,WEST
Uttar Pradesh,PRATAPGARH,248789514,BJP,MALE,2,48,Middle School,434222,2069,436291,47.66858343,1708759,NORTH
Puducherry,PUDUCHERRY,108015548,INC,MALE,0,68,Graduate,444646,335,444981,56.2629679,973410,SOUTH
Maharashtra,PUNE,57959302,BJP,MALE,1,68,Graduate,631875,960,632835,61.10486707,2075824,WEST
Odisha,PURI,1174701344,BJD,MALE,0,59,Graduate Professional,537782,539,538321,47.38223997,1562331,EAST
Bihar,PURNIA,41036294,JD(U),MALE,1,43,High School,632435,489,632924,54.84662332,1765312,EAST
West Bengal,PURULIA,2250540,BJP,MALE,2,34,Graduate Professional,666016,2091,668107,49.27547883,1645884,EAST
Bihar,PURVI CHAMPARAN,33791375,BJP,MALE,1,69,Graduate,574081,3706,577787,57.77090093,1658672,EAST
Uttar Pradesh,RAE BARELI,118263916,INC,FEMALE,1,72,Illiterate,533687,1231,534918,55.77744828,1702248,NORTH
Karnataka,RAICHUR,30638375,BJP,MALE,0,62,Graduate Professional,596804,1533,598337,53.18730766,1928204,SOUTH
Maharashtra,RAIGAD,127487277,NCP,MALE,0,64,Illiterate,484563,2405,486968,47.38965125,1652965,WEST
West Bengal,RAIGANJ,6139123,BJP,FEMALE,2,48,Post Graduate,509862,1790,511652,40.03298708,1601220,EAST
Chhattisgarh,RAIGARH,7043539,BJP,FEMALE,0,43,High School,656939,1396,658335,48.73880337,1733805,EAST
Chhattisgarh,RAIPUR,46068126,BJP,MALE,0,57,Graduate,836211,1691,837902,59.97257258,2111738,EAST
Andhra Pradesh,RAJAHMUNDRY,458205360,YSRCP,MALE,2,36,Graduate,578471,3553,582024,46.54374932,1534256,SOUTH
Andhra Pradesh,RAJAMPET,665085701,YSRCP,MALE,3,42,Post Graduate,695277,6934,702211,57.26949024,1546938,SOUTH
Madhya Pradesh,RAJGARH,40198295,BJP,MALE,0,58,Graduate,822225,1599,823824,65.33463396,1694329,WEST
Gujarat,RAJKOT,68818120,BJP,MALE,0,67,Middle School,755296,3349,758645,63.41594918,1884339,WEST
Jharkhand,RAJMAHAL,12919555,JMM,MALE,0,36,High School,506589,1241,507830,48.46385896,1454436,EAST
Chhattisgarh,RAJNANDGAON,24861970,BJP,MALE,0,51,Graduate Professional,660956,1431,662387,50.64593181,1716459,EAST
Rajasthan,RAJSAMAND,165984623,BJP,FEMALE,0,48,Illiterate,858690,4349,863039,69.55235452,1912911,WEST
Tamil Nadu,RAMANATHAPURAM,364738171,IUML,MALE,1,39,High School,467585,2358,469943,44.04657131,1559740,SOUTH
Uttar Pradesh,RAMPUR,46124814,SP,MALE,10,64,Graduate Professional,559018,159,559177,52.69100805,1679506,NORTH
Maharashtra,RAMTEK,95603165,SHS,MALE,0,53,Graduate,594827,2299,597126,49.85168704,1922764,WEST
West Bengal,RANAGHAT,17622476,BJP,MALE,1,56,Graduate Professional,779767,3486,783253,52.75152091,1762252,EAST
Jharkhand,RANCHI,14044267,BJP,MALE,0,60,Graduate Professional,703983,2527,706510,57.17886006,1915959,EAST
Madhya Pradesh,RATLAM,42072262,BJP,MALE,0,62,Graduate Professional,694243,1860,696103,49.67427489,1851112,WEST
Maharashtra,RATNAGIRI - SINDHUDURG,50660534,SHS,MALE,3,65,Post Graduate,456013,2009,458022,50.75851522,1455577,WEST
Maharashtra,RAVER,172713734,BJP,FEMALE,0,31,Graduate,652212,3174,655386,59.77012543,1775051,WEST
Madhya Pradesh,REWA,20359750,BJP,MALE,0,62,Graduate Professional,580769,3000,583769,57.53504719,1679534,WEST
Uttar Pradesh,ROBERTSGANJ,23048078,ADAL,MALE,0,66,Middle School,447691,223,447914,45.29856271,1723538,NORTH
Haryana,ROHTAK,41079284,BJP,MALE,0,56,Post Graduate,566242,7603,573845,46.84471924,1737133,NORTH
Gujarat,SABARKANTHA,23997443,BJP,MALE,0,67,Middle School,696497,5486,701983,57.49350111,1801717,WEST
Madhya Pradesh,SAGAR,16416828,BJP,MALE,1,51,Post Graduate,645338,893,646231,62.28516408,1583129,WEST
Uttar Pradesh,SAHARANPUR,46146135,BSP,MALE,0,67,Graduate,513268,871,514139,41.7172304,1739082,NORTH
Tamil Nadu,SALEM,60045532,DMK,MALE,4,49,Graduate Professional,602453,3849,606302,48.25977251,1612512,SOUTH
Uttar Pradesh,SALEMPUR,27031724,BJP,MALE,0,55,High School,464629,3311,467940,50.63732211,1667282,NORTH
Bihar,SAMASTIPUR,17375975,LJP,MALE,5,58,High School,561460,983,562443,55.15385317,1679030,EAST
Odisha,SAMBALPUR,269543587,BJP,MALE,1,47,High School,471382,2388,473770,42.05076589,1468530,EAST
Uttar Pradesh,SAMBHAL,13296671,SP,MALE,0,86,Graduate,657505,501,658006,55.58478376,1828764,NORTH
Maharashtra,SANGLI,191192187,BJP,MALE,1,54,High School,503615,5380,508995,42.68047772,1809109,WEST
Punjab,SANGRUR,16427274,AAP,MALE,0,45,High School,412201,1360,413561,37.35007984,1529431,NORTH
Uttar Pradesh,SANT KABIR NAGAR,4300614,BJP,MALE,0,30,Graduate Professional,466167,1376,467543,43.94510891,1962903,NORTH
Bihar,SARAN,80740349,BJP,MALE,0,58,Post Graduate,496992,2994,499986,52.98622849,1667253,EAST
Chhattisgarh,SURGUJA,27682493,BJP,FEMALE,0,55,High School,662428,1283,663711,51.80320883,1655239,EAST
Bihar,SASARAM (SC),37786578,BJP,MALE,4,63,Post Graduate,492364,2436,494800,50.71870288,1787878,EAST
Maharashtra,SATARA,1996813173,NCP,MALE,8,53,High School,576078,2948,579026,51.80249374,1848489,WEST
Madhya Pradesh,SATNA,41719076,BJP,MALE,2,56,Post Graduate,587410,1343,588753,52.86198491,1575064,WEST
Telangana,SECUNDRABAD,81430778,BJP,MALE,0,58,Illiterate,384248,532,384780,42.04037528,1968276,SOUTH
Madhya Pradesh,SHAHDOL,36564408,BJP,FEMALE,0,32,Graduate,746122,1855,747977,60.3944655,1656474,WEST
Uttar Pradesh,SHAHJAHANPUR,43448049,BJP,MALE,1,42,High School,686352,2638,688990,58.03814737,2114201,NORTH
Bihar,SHEOHAR,328364940,BJP,FEMALE,1,69,Graduate Professional,606581,2097,608678,60.56937469,1686215,EAST
Meghalaya,SHILLONG,549515421,INC,MALE,0,51,Graduate Professional,419212,477,419689,53.51271678,1197806,NORTH EAST
Himachal Pradesh,SHIMLA,15705738,BJP,MALE,0,48,Post Graduate,601305,4877,606182,66.23861251,1259085,NORTH
Karnataka,SHIMOGA,674093851,BJP,MALE,2,46,Graduate,728902,970,729872,56.84064772,1676668,SOUTH
Maharashtra,SHIRDI,113710526,SHS,MALE,1,56,High School,483449,3371,486820,47.24105339,1587079,WEST
Maharashtra,SHIRUR,43351521,NCP,MALE,0,38,Graduate Professional,634554,1276,635830,49.16889313,2175529,WEST
Uttar Pradesh,SHRAWASTI,19108216,BSP,MALE,0,49,Graduate Professional,441505,266,441771,44.30385332,1914739,NORTH
Madhya Pradesh,SIDHI,51541791,BJP,FEMALE,0,41,Post Graduate,697212,1130,698342,54.44291556,1845547,WEST
Rajasthan,SIKAR,2827638,BJP,MALE,0,67,Post Graduate,761332,10772,772104,58.02409479,2041612,WEST
Sikkim,SIKKIM,478817,SKM,MALE,0,30,Post Graduate,161143,5779,166922,47.23115884,434128,OTHERS
Assam,SILCHAR,29901767,BJP,MALE,0,48,Post Graduate,496235,3179,499414,52.53174010000001,1195720,NORTH EAST
Jharkhand,SINGHBHUM,25249018,INC,FEMALE,1,35,Post Graduate,431545,270,431815,49.09688965,1269917,EAST
Haryana,SIRSA,42596349,BJP,FEMALE,0,51,Post Graduate,712877,1474,714351,52.13038452,1803349,NORTH
Bihar,SITAMARHI,60717031,JD(U),MALE,6,58,Graduate,565533,2212,567745,54.61186995,1752454,EAST
Uttar Pradesh,SITAPUR,73129716,BJP,MALE,1,58,Post Graduate,513984,544,514528,48.30241959,1666126,NORTH
Tamil Nadu,SIVAGANGA,793729024,INC,MALE,8,47,Graduate Professional,564002,2102,566104,52.18000453,1552019,SOUTH
Bihar,SIWAN,19325264,JD(U),FEMALE,4,33,Post Graduate,447171,1302,448473,45.5371884,1799551,EAST
Maharashtra,SOLAPUR,27870079,BJP,MALE,0,63,Graduate,523352,1633,524985,48.32585258,1851654,WEST
Haryana,SONIPAT,235859266,BJP,MALE,0,62,Graduate Professional,583988,3676,587664,51.95297512,1592611,NORTH
NCT OF Delhi,SOUTH DELHI,180052708,BJP,MALE,2,57,Graduate Professional,685789,1225,687014,56.56554512,2067463,NORTH
Goa,SOUTH GOA,79402232,INC,MALE,0,73,Graduate Professional,201279,282,201561,47.45760717,579352,WEST
West Bengal,SRERAMPUR,175968902,AITC,MALE,0,62,Graduate Professional,637231,476,637707,45.47711942,1785472,EAST
Andhra Pradesh,SRIKAKULAM,122791042,TDP,MALE,1,32,Post Graduate,529213,5331,534544,45.91174333,1553860,SOUTH
Jammu & Kashmir,SRINAGAR,121904435,JKNC,MALE,1,83,Graduate Professional,106596,154,106750,57.1274142,1294671,NORTH
Tamil Nadu,SRIPERUMBUDUR,208806446,DMK,MALE,0,77,Graduate,790750,2531,793281,56.37489314,2253448,SOUTH
Uttar Pradesh,SULTANPUR,556926451,BJP,FEMALE,0,62,High School,458281,915,459196,45.88454421,1775196,NORTH
Odisha,SUNDARGARH,74185014,BJP,MALE,2,58,Illiterate,498468,1588,500056,45.4163257,1531525,EAST
Bihar,SUPAUL,23441606,JD(U),MALE,2,73,Graduate,596807,570,597377,53.76950052,1690620,EAST
Gujarat,SURAT,23872876,BJP,FEMALE,0,58,Graduate,794133,1518,795651,74.41185575,1655704,WEST
Gujarat,SURENDRANAGAR,79084513,BJP,MALE,0,50,Post Graduate,626957,4887,631844,58.49329614,1849429,WEST
West Bengal,TAMLUK,37687867,AITC,MALE,1,42,Graduate,723641,792,724433,50.06655425,1694646,EAST
Uttarakhand,TEHRI GARHWAL,1846640100,BJP,FEMALE,0,68,High School,556120,9213,565333,64.30208499999999,1493543,NORTH
Tamil Nadu,TENKASI,51360700,DMK,MALE,1,44,Post Graduate,470346,5810,476156,44.667207,1492317,SOUTH
Assam,TEZPUR,14445139,BJP,MALE,0,41,Graduate,681437,2729,684166,57.40201446,1499639,NORTH EAST
Maharashtra,THANE,181441465,SHS,MALE,9,57,High School,738618,2351,740969,63.27822233,2370903,WEST
Tamil Nadu,THANJAVUR,42452076,DMK,MALE,0,68,Graduate Professional,583621,5357,588978,55.56123662,1461052,SOUTH
Tamil Nadu,THENI,65803231,AIADMK,MALE,0,39,Post Graduate,503459,1354,504813,42.962516,1561040,SOUTH
Tamil Nadu,THIRUVALLUR,24583769,INC,MALE,0,69,Doctorate,764093,3199,767292,54.48491584,1946870,SOUTH
Kerala,THIRUVANANTHAPURAM,350022585,INC,MALE,2,63,Doctorate,414057,2074,416131,41.14942824,1371427,SOUTH
Tamil Nadu,THOOTHUKKUDI,303373130,DMK,FEMALE,6,51,Graduate Professional,560345,2798,563143,56.77033611,1427783,SOUTH
Kerala,THRISSUR,8609349,INC,MALE,7,58,High School,414541,548,415089,39.83113302,1337110,SOUTH
Madhya Pradesh,TIKAMGARH,21503766,BJP,MALE,0,65,Doctorate,670967,1281,672248,61.25523257,1647399,WEST
Tamil Nadu,TIRUCHIRAPPALLI,32182184,INC,MALE,0,69,Post Graduate,615667,5618,621285,59.23888636,1508963,SOUTH
Tamil Nadu,TIRUNELVELI,232759237,DMK,MALE,4,54,High School,517589,5404,522993,50.26893761,1547800,SOUTH
Andhra Pradesh,TIRUPATI,17426921,YSRCP,MALE,0,63,Graduate Professional,717924,4953,722877,54.91012729,1650453,SOUTH
Tamil Nadu,TIRUPPUR,8035576,CPI,MALE,0,71,High School,505793,2932,508725,45.41810368,1530014,SOUTH
Tamil Nadu,TIRUVANNAMALAI,134897466,DMK,MALE,0,45,Graduate,661719,4553,666272,57.84660585,1473862,SOUTH
Rajasthan,TONK-SAWAI MADHOPUR,1233802420,BJP,MALE,0,61,High School,641561,2758,644319,52.19410482,1945992,WEST
Tripura,TRIPURA EAST,1948315,BJP,MALE,0,43,Post Graduate,479634,2492,482126,46.08693242,1261861,NORTH EAST
Tripura,TRIPURA WEST,642398,BJP,FEMALE,0,50,Graduate,570021,3511,573532,51.74287526,1352857,NORTH EAST
Karnataka,TUMKUR,510779150,BJP,MALE,0,78,Graduate Professional,594011,2116,596127,47.86365618,1608545,SOUTH
Meghalaya,TURA,29406813,NPP,FEMALE,0,38,Post Graduate,304185,270,304455,52.17916638,716990,NORTH EAST
Rajasthan,UDAIPUR,48196946,BJP,MALE,0,54,Post Graduate,867694,3854,871548,59.88304383,2069559,WEST
Jammu & Kashmir,UDHAMPUR,70827203,BJP,MALE,0,62,Post Graduate,715406,8905,724311,61.24319343,1685816,NORTH
Karnataka,UDUPI CHIKMAGALUR,104872668,BJP,FEMALE,3,52,Post Graduate,717482,1434,718916,62.42633223,1513806,SOUTH
Bihar,UJIARPUR,187007570,BJP,MALE,3,53,Graduate,542341,1565,543906,56.08076201,1612300,EAST
Madhya Pradesh,UJJAIN,26417937,BJP,MALE,0,47,High School,790207,1456,791663,63.17822807,1661229,WEST
West Bengal,ULUBERIA,28351569,AITC,FEMALE,0,57,Graduate,694617,328,694945,53.00392031,1614988,EAST
Uttar Pradesh,UNNAO,40886941,BJP,MALE,4,63,Doctorate,702441,1066,703507,56.84670773,2191465,NORTH
Karnataka,UTTARA KANNADA,84755455,BJP,MALE,4,51,High School,783211,2831,786042,68.09154618,1556599,SOUTH
Kerala,VADAKARA,114379340,INC,MALE,3,62,Graduate,525004,1751,526755,49.41731743,1288926,SOUTH
Gujarat,VADODARA,29426428,BJP,FEMALE,0,56,High School,880905,2814,883719,72.21643381,1794896,WEST
Bihar,VAISHALI,337284632,LJP,FEMALE,2,48,High School,566707,1508,568215,52.86945534,1735983,EAST
Bihar,VALMIKI NAGAR,17934888,JD(U),MALE,4,62,High School,601227,1433,602660,58.38421826,1665502,EAST
Gujarat,VALSAD,68239480,BJP,MALE,0,69,Graduate Professional,770442,1538,771980,61.20200037,1671030,WEST
Uttar Pradesh,VARANASI,25136119,BJP,MALE,0,68,Post Graduate,673453,1211,674664,63.59780888,1856791,NORTH
Madhya Pradesh,VIDISHA,30032282,BJP,MALE,0,65,High School,850443,2579,853022,68.18650166,1741604,WEST
Andhra Pradesh,VIJAYAWADA,808152415,TDP,MALE,0,53,High School,573929,1569,575498,45.03907182,1652994,SOUTH
Tamil Nadu,VILUPPURAM,6509860,DMK,MALE,0,58,Doctorate,556675,2910,559585,49.25499385,1444335,SOUTH
Tamil Nadu,VIRUDHUNAGAR,49705799,INC,MALE,1,44,Graduate Professional,464667,6216,470883,43.76537048,1484256,SOUTH
Andhra Pradesh,VISAKHAPATNAM,2023905124,YSRCP,MALE,1,52,High School,433968,2938,436906,35.23659975,1829300,SOUTH
Andhra Pradesh,VIZIANAGARAM,21035766,YSRCP,MALE,4,57,Graduate Professional,573466,4952,578418,47.31694907,1503980,SOUTH
Telangana,WARANGAL,24889712,TRS,MALE,0,51,Graduate,612027,471,612498,57.69182949,1666770,SOUTH
Maharashtra,WARDHA,65807822,BJP,MALE,0,65,High School,575488,2876,578364,53.91882028,1743283,WEST
Kerala,WAYANAD,158877063,INC,MALE,5,48,Post Graduate,705034,1333,706367,64.64069388,1359679,SOUTH
NCT OF Delhi,WEST DELHI,155195014,BJP,MALE,0,41,Post Graduate,862058,3590,865648,60.01059278,2371644,NORTH
Maharashtra,YAVATMAL-WASHIM,96873189,SHS,FEMALE,3,46,Graduate,540104,1994,542098,46.14291162,1916185,WEST
Telangana,ZAHIRABAD,1287851556,TRS,MALE,18,63,Graduate,434066,178,434244,41.57418258,1498666,SOUTH
